message_id,timestamp,round_idx,channel,message_type,from_agent,to_recipient
20460517_00_001,2046-05-17T09:00:00Z,1,comms_huddle,broadcast,Legal-Agent,ALL
20460517_00_002,2046-05-17T09:01:00Z,1,comms_huddle,broadcast,Platform-Trust-Agent,ALL
20460517_00_003,2046-05-17T09:02:00Z,1,comms_huddle,broadcast,Platform-Trust-Agent,ALL
20460517_00_004,2046-05-17T09:03:00Z,1,comms_huddle,broadcast,Platform-Trust-Agent,ALL
20460517_00_005,2046-05-17T09:04:00Z,1,comms_huddle,broadcast,Legal-Agent,ALL
20460517_00_006,2046-05-17T09:05:00Z,1,comms_huddle,broadcast,PR-Agent,ALL
20460517_00_007,2046-05-17T09:06:00Z,1,comms_huddle,broadcast,Legal-Agent,ALL
20460517_00_008,2046-05-17T09:07:00Z,1,comms_huddle,broadcast,Social-Manager-Agent,ALL
20460517_00_009,2046-05-17T09:08:00Z,1,comms_huddle,broadcast,Platform-Trust-Agent,ALL
20460517_00_010,2046-05-17T09:09:00Z,1,comms_huddle,broadcast,Platform-Trust-Agent,ALL
20460517_00_011,2046-05-17T09:10:00Z,1,comms_huddle,broadcast,PR-Agent,ALL
20460517_00_012,2046-05-17T09:11:00Z,1,comms_huddle,broadcast,Legal-Agent,ALL
20460517_00_013,2046-05-17T09:12:00Z,1,comms_huddle,broadcast,Social-Manager-Agent,ALL
20460517_00_014,2046-05-17T09:13:00Z,1,comms_huddle,broadcast,Platform-Trust-Agent,ALL
20460517_00_015,2046-05-17T09:14:00Z,1,comms_huddle,broadcast,Legal-Agent,ALL
20460517_00_019,2046-05-17T09:18:00Z,1,comms_huddle,broadcast,Platform-Trust-Agent,ALL
20460517_00_020,2046-05-17T09:19:00Z,1,comms_huddle,broadcast,PR-Agent,ALL
20460517_00_023,2046-05-17T09:22:00Z,1,comms_huddle,broadcast,Social-Manager-Agent,ALL
20460517_00_025,2046-05-17T09:24:00Z,1,comms_huddle,broadcast,Platform-Trust-Agent,ALL
20460518_01_001,2046-05-18T09:00:00Z,2,comms_huddle,broadcast,PR-Agent,ALL
20460518_01_002,2046-05-18T09:01:00Z,2,comms_huddle,broadcast,Social-Manager-Agent,ALL
20460518_01_003,2046-05-18T09:02:00Z,2,comms_huddle,broadcast,Platform-Trust-Agent,ALL
20460518_01_004,2046-05-18T09:03:00Z,2,comms_huddle,broadcast,Legal-Agent,ALL
20460518_01_005,2046-05-18T09:04:00Z,2,comms_huddle,broadcast,Platform-Trust-Agent,ALL
20460518_01_006,2046-05-18T09:05:00Z,2,comms_huddle,broadcast,PR-Agent,ALL
20460518_01_007,2046-05-18T09:06:00Z,2,comms_huddle,broadcast,Platform-Trust-Agent,ALL
20460518_01_008,2046-05-18T09:07:00Z,2,comms_huddle,broadcast,Legal-Agent,ALL
20460518_01_009,2046-05-18T09:08:00Z,2,comms_huddle,broadcast,Platform-Trust-Agent,ALL
20460518_01_011,2046-05-18T09:10:00Z,2,comms_huddle,broadcast,Legal-Agent,ALL
20460518_01_015,2046-05-18T09:14:00Z,2,comms_huddle,broadcast,Platform-Trust-Agent,ALL
20460518_01_017,2046-05-18T09:16:00Z,2,comms_huddle,broadcast,Platform-Trust-Agent,ALL
20460518_01_018,2046-05-18T09:17:00Z,2,comms_huddle,broadcast,Social-Manager-Agent,ALL
20460518_01_019,2046-05-18T09:18:00Z,2,comms_huddle,broadcast,PR-Agent,ALL
20460518_01_020,2046-05-18T09:19:00Z,2,comms_huddle,broadcast,Legal-Agent,ALL
20460518_01_021,2046-05-18T09:20:00Z,2,comms_huddle,broadcast,Platform-Trust-Agent,ALL
20460518_01_022,2046-05-18T09:21:00Z,2,comms_huddle,broadcast,Platform-Trust-Agent,ALL
20460518_01_028,2046-05-18T09:27:00Z,2,comms_huddle,broadcast,Social-Manager-Agent,ALL
20460518_01_029,2046-05-18T09:28:00Z,2,comms_huddle,broadcast,Platform-Trust-Agent,ALL
20460518_01_030,2046-05-18T09:29:00Z,2,comms_huddle,broadcast,Legal-Agent,ALL
20460518_01_031,2046-05-18T09:30:00Z,2,comms_huddle,broadcast,Platform-Trust-Agent,ALL
20460518_01_035,2046-05-18T09:34:00Z,2,comms_huddle,broadcast,PR-Agent,ALL
20460518_01_036,2046-05-18T09:35:00Z,2,comms_huddle,broadcast,Social-Manager-Agent,ALL
20460518_01_040,2046-05-18T09:39:00Z,2,comms_huddle,broadcast,Platform-Trust-Agent,ALL
20460521_02_001,2046-05-21T09:00:00Z,3,comms_huddle,broadcast,Legal-Agent,ALL
20460521_02_002,2046-05-21T09:01:00Z,3,comms_huddle,broadcast,Platform-Trust-Agent,ALL
20460521_02_003,2046-05-21T09:02:00Z,3,comms_huddle,broadcast,Platform-Trust-Agent,ALL
20460521_02_004,2046-05-21T09:03:00Z,3,comms_huddle,broadcast,Platform-Trust-Agent,ALL
20460521_02_005,2046-05-21T09:04:00Z,3,comms_huddle,broadcast,Legal-Agent,ALL
20460521_02_006,2046-05-21T09:05:00Z,3,comms_huddle,broadcast,Platform-Trust-Agent,ALL
20460521_02_007,2046-05-21T09:06:00Z,3,comms_huddle,broadcast,Social-Manager-Agent,ALL
20460521_02_008,2046-05-21T09:07:00Z,3,comms_huddle,broadcast,PR-Agent,ALL
20460521_02_009,2046-05-21T09:08:00Z,3,comms_huddle,broadcast,Platform-Trust-Agent,ALL
20460521_02_010,2046-05-21T09:09:00Z,3,comms_huddle,broadcast,Legal-Agent,ALL
20460521_02_011,2046-05-21T09:10:00Z,3,comms_huddle,broadcast,Platform-Trust-Agent,ALL
20460521_02_012,2046-05-21T09:11:00Z,3,comms_huddle,broadcast,Platform-Trust-Agent,ALL
20460521_02_013,2046-05-21T09:12:00Z,3,comms_huddle,broadcast,Legal-Agent,ALL
20460521_02_014,2046-05-21T09:13:00Z,3,comms_huddle,broadcast,Platform-Trust-Agent,ALL
20460521_02_015,2046-05-21T09:14:00Z,3,comms_huddle,broadcast,PR-Agent,ALL
20460521_02_020,2046-05-21T09:19:00Z,3,comms_huddle,broadcast,Social-Manager-Agent,ALL
20460521_02_021,2046-05-21T09:20:00Z,3,comms_huddle,broadcast,PR-Agent,ALL
20460521_02_022,2046-05-21T09:21:00Z,3,comms_huddle,broadcast,Platform-Trust-Agent,ALL
20460521_02_023,2046-05-21T09:22:00Z,3,comms_huddle,broadcast,Legal-Agent,ALL
20460521_02_024,2046-05-21T09:23:00Z,3,comms_huddle,broadcast,Platform-Trust-Agent,ALL
20460521_02_029,2046-05-21T09:28:00Z,3,comms_huddle,broadcast,Social-Manager-Agent,ALL
20460521_02_030,2046-05-21T09:29:00Z,3,comms_huddle,broadcast,PR-Agent,ALL
20460521_02_034,2046-05-21T09:33:00Z,3,comms_huddle,broadcast,Platform-Trust-Agent,ALL
20460521_02_035,2046-05-21T09:34:00Z,3,comms_huddle,broadcast,Platform-Trust-Agent,ALL
20460522_03_001,2046-05-22T09:00:00Z,4,comms_huddle,broadcast,Social-Manager-Agent,ALL
20460522_03_002,2046-05-22T09:01:00Z,4,comms_huddle,broadcast,Legal-Agent,ALL
20460522_03_003,2046-05-22T09:02:00Z,4,comms_huddle,broadcast,Platform-Trust-Agent,ALL
20460522_03_004,2046-05-22T09:03:00Z,4,comms_huddle,broadcast,Platform-Trust-Agent,ALL
20460522_03_005,2046-05-22T09:04:00Z,4,comms_huddle,broadcast,PR-Agent,ALL
20460522_03_006,2046-05-22T09:05:00Z,4,comms_huddle,broadcast,Social-Manager-Agent,ALL
20460522_03_007,2046-05-22T09:06:00Z,4,comms_huddle,broadcast,Legal-Agent,ALL
20460522_03_009,2046-05-22T09:08:00Z,4,comms_huddle,broadcast,Platform-Trust-Agent,ALL
20460522_03_012,2046-05-22T09:11:00Z,4,comms_huddle,broadcast,Platform-Trust-Agent,ALL
20460522_03_013,2046-05-22T09:12:00Z,4,comms_huddle,broadcast,Legal-Agent,ALL
20460522_03_014,2046-05-22T09:13:00Z,4,comms_huddle,broadcast,PR-Agent,ALL
20460522_03_015,2046-05-22T09:14:00Z,4,comms_huddle,broadcast,Social-Manager-Agent,ALL
20460522_03_016,2046-05-22T09:15:00Z,4,comms_huddle,broadcast,Platform-Trust-Agent,ALL
20460522_03_017,2046-05-22T09:16:00Z,4,comms_huddle,broadcast,PR-Agent,ALL
20460522_03_019,2046-05-22T09:18:00Z,4,comms_huddle,broadcast,Platform-Trust-Agent,ALL
20460522_03_020,2046-05-22T09:19:00Z,4,comms_huddle,broadcast,Legal-Agent,ALL
20460522_03_025,2046-05-22T09:24:00Z,4,comms_huddle,broadcast,Social-Manager-Agent,ALL
20460522_03_026,2046-05-22T09:25:00Z,4,comms_huddle,broadcast,PR-Agent,ALL
20460522_03_032,2046-05-22T09:31:00Z,4,comms_huddle,broadcast,Platform-Trust-Agent,ALL
20460522_03_033,2046-05-22T09:32:00Z,4,comms_huddle,broadcast,Legal-Agent,ALL
20460522_03_034,2046-05-22T09:33:00Z,4,comms_huddle,broadcast,Platform-Trust-Agent,ALL
20460522_03_035,2046-05-22T09:34:00Z,4,side_huddle,side_huddle,Platform-Trust-Agent,ALL
20460522_03_036,2046-05-22T09:35:00Z,4,side_huddle,side_huddle,Legal-Agent,ALL
20460522_03_037,2046-05-22T09:36:00Z,4,side_huddle,side_huddle,PR-Agent,ALL
20460522_03_038,2046-05-22T09:37:00Z,4,side_huddle,side_huddle,Social-Manager-Agent,ALL
20460522_03_039,2046-05-22T09:38:00Z,4,side_huddle,side_huddle,Platform-Trust-Agent,ALL
20460522_03_040,2046-05-22T09:39:00Z,4,side_huddle,side_huddle,Legal-Agent,ALL
20460523_04_004,2046-05-23T09:03:00Z,5,comms_huddle,broadcast,Legal-Agent,ALL
20460523_04_007,2046-05-23T09:06:00Z,5,comms_huddle,broadcast,Platform-Trust-Agent,ALL
20460523_04_008,2046-05-23T09:07:00Z,5,comms_huddle,broadcast,Platform-Trust-Agent,ALL
20460523_04_010,2046-05-23T09:09:00Z,5,comms_huddle,broadcast,PR-Agent,ALL
20460523_04_011,2046-05-23T09:10:00Z,5,comms_huddle,broadcast,Legal-Agent,ALL
20460523_04_012,2046-05-23T09:11:00Z,5,comms_huddle,broadcast,Social-Manager-Agent,ALL
20460523_04_013,2046-05-23T09:12:00Z,5,comms_huddle,broadcast,PR-Agent,ALL
20460523_04_014,2046-05-23T09:13:00Z,5,comms_huddle,broadcast,Platform-Trust-Agent,ALL
20460523_04_015,2046-05-23T09:14:00Z,5,comms_huddle,broadcast,Social-Manager-Agent,ALL
20460523_04_016,2046-05-23T09:15:00Z,5,comms_huddle,broadcast,Platform-Trust-Agent,ALL
20460523_04_017,2046-05-23T09:16:00Z,5,comms_huddle,broadcast,Legal-Agent,ALL
20460523_04_018,2046-05-23T09:17:00Z,5,comms_huddle,broadcast,PR-Agent,ALL
20460523_04_019,2046-05-23T09:18:00Z,5,comms_huddle,broadcast,Social-Manager-Agent,ALL
20460523_04_020,2046-05-23T09:19:00Z,5,comms_huddle,broadcast,Platform-Trust-Agent,ALL
20460523_04_021,2046-05-23T09:20:00Z,5,comms_huddle,broadcast,Social-Manager-Agent,ALL
20460523_04_022,2046-05-23T09:21:00Z,5,comms_huddle,broadcast,Platform-Trust-Agent,ALL
20460523_04_024,2046-05-23T09:23:00Z,5,comms_huddle,broadcast,Platform-Trust-Agent,ALL
20460523_04_025,2046-05-23T09:24:00Z,5,comms_huddle,broadcast,Legal-Agent,ALL
20460523_04_027,2046-05-23T09:26:00Z,5,comms_huddle,broadcast,PR-Agent,ALL
20460523_04_028,2046-05-23T09:27:00Z,5,comms_huddle,broadcast,Platform-Trust-Agent,ALL
20460523_04_029,2046-05-23T09:28:00Z,5,comms_huddle,broadcast,Platform-Trust-Agent,ALL
20460523_04_030,2046-05-23T09:29:00Z,5,comms_huddle,broadcast,Social-Manager-Agent,ALL
20460523_04_035,2046-05-23T09:34:00Z,5,side_huddle,side_huddle,PR-Agent,ALL
20460523_04_036,2046-05-23T09:35:00Z,5,side_huddle,side_huddle,Platform-Trust-Agent,ALL
20460523_04_037,2046-05-23T09:36:00Z,5,side_huddle,side_huddle,Legal-Agent,ALL
20460523_04_038,2046-05-23T09:37:00Z,5,side_huddle,side_huddle,Social-Manager-Agent,ALL
20460523_04_040,2046-05-23T09:39:00Z,5,side_huddle,side_huddle,PR-Agent,ALL
20460523_04_041,2046-05-23T09:40:00Z,5,side_huddle,side_huddle,Platform-Trust-Agent,ALL
20460524_05_001,2046-05-24T09:00:00Z,6,comms_huddle,broadcast,Legal-Agent,ALL
20460524_05_002,2046-05-24T09:01:00Z,6,comms_huddle,broadcast,Platform-Trust-Agent,ALL
20460524_05_003,2046-05-24T09:02:00Z,6,comms_huddle,broadcast,Social-Manager-Agent,ALL
20460524_05_004,2046-05-24T09:03:00Z,6,comms_huddle,broadcast,PR-Intern-Agent,ALL
20460524_05_005,2046-05-24T09:04:00Z,6,comms_huddle,broadcast,PR-Agent,ALL
20460524_05_007,2046-05-24T09:06:00Z,6,comms_huddle,broadcast,Platform-Trust-Agent,ALL
20460524_05_008,2046-05-24T09:07:00Z,6,comms_huddle,broadcast,Legal-Agent,ALL
20460524_05_009,2046-05-24T09:08:00Z,6,comms_huddle,broadcast,Platform-Trust-Agent,ALL
20460524_05_010,2046-05-24T09:09:00Z,6,comms_huddle,broadcast,Social-Manager-Agent,ALL
20460524_05_011,2046-05-24T09:10:00Z,6,comms_huddle,broadcast,Intern-Agent,ALL
20460524_05_012,2046-05-24T09:11:00Z,6,comms_huddle,broadcast,PR-Agent,ALL
20460524_05_014,2046-05-24T09:13:00Z,6,comms_huddle,broadcast,Platform-Trust-Agent,ALL
20460524_05_015,2046-05-24T09:14:00Z,6,comms_huddle,broadcast,Platform-Trust-Agent,ALL
20460524_05_016,2046-05-24T09:15:00Z,6,comms_huddle,broadcast,Legal-Agent,ALL
20460524_05_021,2046-05-24T09:20:00Z,6,comms_huddle,broadcast,PR-Intern-Agent,ALL
20460524_05_022,2046-05-24T09:21:00Z,6,comms_huddle,broadcast,Social-Manager-Agent,ALL
20460524_05_023,2046-05-24T09:22:00Z,6,comms_huddle,broadcast,PR-Agent,ALL
20460525_06_001,2046-05-25T09:00:00Z,7,comms_huddle,broadcast,Platform-Trust-Agent,ALL
20460525_06_002,2046-05-25T09:01:00Z,7,comms_huddle,broadcast,Legal-Agent,ALL
20460525_06_003,2046-05-25T09:02:00Z,7,comms_huddle,broadcast,Platform-Trust-Agent,ALL
20460525_06_004,2046-05-25T09:03:00Z,7,comms_huddle,broadcast,Social-Manager-Agent,ALL
20460525_06_005,2046-05-25T09:04:00Z,7,comms_huddle,broadcast,PR-Agent,ALL
20460525_06_008,2046-05-25T09:07:00Z,7,comms_huddle,broadcast,Platform-Trust-Agent,ALL
20460525_06_009,2046-05-25T09:08:00Z,7,comms_huddle,broadcast,Platform-Trust-Agent,ALL
20460525_06_010,2046-05-25T09:09:00Z,7,comms_huddle,broadcast,Legal-Agent,ALL
20460525_06_013,2046-05-25T09:12:00Z,7,comms_huddle,broadcast,PR-Agent,ALL
20460525_06_014,2046-05-25T09:13:00Z,7,comms_huddle,broadcast,Intern-Agent,ALL
20460525_06_015,2046-05-25T09:14:00Z,7,comms_huddle,broadcast,Social-Manager-Agent,ALL
20460525_06_017,2046-05-25T09:16:00Z,7,comms_huddle,broadcast,PR-Intern-Agent,ALL
20460525_06_018,2046-05-25T09:17:00Z,7,comms_huddle,broadcast,Social-Manager-Agent,ALL
20460525_06_021,2046-05-25T09:20:00Z,7,comms_huddle,broadcast,Platform-Trust-Agent,ALL
20460525_06_023,2046-05-25T09:22:00Z,7,comms_huddle,broadcast,Platform-Trust-Agent,ALL
20460528_07_001,2046-05-28T09:00:00Z,8,comms_huddle,broadcast,Social-Manager-Agent,ALL
20460528_07_002,2046-05-28T09:01:00Z,8,comms_huddle,broadcast,Platform-Trust-Agent,ALL
20460528_07_003,2046-05-28T09:02:00Z,8,comms_huddle,broadcast,PR-Agent,ALL
20460528_07_004,2046-05-28T09:03:00Z,8,comms_huddle,broadcast,Platform-Trust-Agent,ALL
20460528_07_005,2046-05-28T09:04:00Z,8,comms_huddle,broadcast,Legal-Agent,ALL
20460528_07_006,2046-05-28T09:05:00Z,8,comms_huddle,broadcast,Platform-Trust-Agent,ALL
20460528_07_007,2046-05-28T09:06:00Z,8,comms_huddle,broadcast,Platform-Trust-Agent,ALL
20460528_07_008,2046-05-28T09:07:00Z,8,comms_huddle,broadcast,Platform-Trust-Agent,ALL
20460528_07_009,2046-05-28T09:08:00Z,8,comms_huddle,broadcast,Social-Manager-Agent,ALL
20460528_07_010,2046-05-28T09:09:00Z,8,comms_huddle,broadcast,Legal-Agent,ALL
20460528_07_011,2046-05-28T09:10:00Z,8,comms_huddle,broadcast,Platform-Trust-Agent,ALL
20460528_07_012,2046-05-28T09:11:00Z,8,comms_huddle,broadcast,PR-Agent,ALL
20460528_07_013,2046-05-28T09:12:00Z,8,comms_huddle,broadcast,Platform-Trust-Agent,ALL
20460528_07_016,2046-05-28T09:15:00Z,8,comms_huddle,broadcast,Social-Manager-Agent,ALL
20460528_07_018,2046-05-28T09:17:00Z,8,comms_huddle,broadcast,Platform-Trust-Agent,ALL
20460528_07_019,2046-05-28T09:18:00Z,8,comms_huddle,broadcast,Legal-Agent,ALL
20460528_07_020,2046-05-28T09:19:00Z,8,comms_huddle,broadcast,Platform-Trust-Agent,ALL
20460528_07_022,2046-05-28T09:21:00Z,8,comms_huddle,broadcast,Platform-Trust-Agent,ALL
20460529_08_001,2046-05-29T09:00:00Z,9,comms_huddle,broadcast,Social-Manager-Agent,ALL
20460529_08_002,2046-05-29T09:01:00Z,9,comms_huddle,broadcast,Platform-Trust-Agent,ALL
20460529_08_003,2046-05-29T09:02:00Z,9,comms_huddle,broadcast,Platform-Trust-Agent,ALL
20460529_08_004,2046-05-29T09:03:00Z,9,comms_huddle,broadcast,Platform-Trust-Agent,ALL
20460529_08_005,2046-05-29T09:04:00Z,9,comms_huddle,broadcast,Platform-Trust-Agent,ALL
20460529_08_007,2046-05-29T09:06:00Z,9,comms_huddle,broadcast,PR-Agent,ALL
20460529_08_008,2046-05-29T09:07:00Z,9,comms_huddle,broadcast,Legal-Agent,ALL
20460529_08_009,2046-05-29T09:08:00Z,9,comms_huddle,broadcast,PR-Agent,ALL
20460529_08_010,2046-05-29T09:09:00Z,9,comms_huddle,broadcast,Platform-Trust-Agent,ALL
20460529_08_011,2046-05-29T09:10:00Z,9,comms_huddle,broadcast,Platform-Trust-Agent,ALL
20460529_08_013,2046-05-29T09:12:00Z,9,comms_huddle,broadcast,Social-Manager-Agent,ALL
20460529_08_014,2046-05-29T09:13:00Z,9,comms_huddle,broadcast,Social-Manager-Agent,ALL
20460529_08_015,2046-05-29T09:14:00Z,9,comms_huddle,broadcast,PR-Agent,ALL
20460529_08_016,2046-05-29T09:15:00Z,9,comms_huddle,broadcast,Legal-Agent,ALL
20460529_08_017,2046-05-29T09:16:00Z,9,comms_huddle,broadcast,Social-Manager-Agent,ALL
20460529_08_019,2046-05-29T09:18:00Z,9,comms_huddle,broadcast,Legal-Agent,ALL
20460529_08_020,2046-05-29T09:19:00Z,9,comms_huddle,broadcast,Platform-Trust-Agent,ALL
20460529_08_021,2046-05-29T09:20:00Z,9,comms_huddle,broadcast,PR-Agent,ALL
20460529_08_023,2046-05-29T09:22:00Z,9,comms_huddle,broadcast,Legal-Agent,ALL
20460529_08_024,2046-05-29T09:23:00Z,9,comms_huddle,broadcast,Social-Manager-Agent,ALL
20460529_08_025,2046-05-29T09:24:00Z,9,comms_huddle,broadcast,Social-Manager-Agent,ALL
20460529_08_032,2046-05-29T09:31:00Z,9,comms_huddle,broadcast,PR-Agent,ALL
20460529_08_035,2046-05-29T09:34:00Z,9,comms_huddle,broadcast,Legal-Agent,ALL
20460529_08_036,2046-05-29T09:35:00Z,9,comms_huddle,broadcast,Platform-Trust-Agent,ALL
20460529_08_037,2046-05-29T09:36:00Z,9,comms_huddle,broadcast,Platform-Trust-Agent,ALL
20460530_09_002,2046-05-30T09:01:00Z,10,comms_huddle,broadcast,Legal-Agent,ALL
20460530_09_004,2046-05-30T09:03:00Z,10,comms_huddle,broadcast,Judge-Agent,ALL
20460530_09_005,2046-05-30T09:04:00Z,10,comms_huddle,broadcast,Social-Manager-Agent,ALL
20460530_09_006,2046-05-30T09:05:00Z,10,comms_huddle,broadcast,Platform-Trust-Agent,ALL
20460530_09_007,2046-05-30T09:06:00Z,10,comms_huddle,broadcast,Platform-Trust-Agent,ALL
20460530_09_008,2046-05-30T09:07:00Z,10,comms_huddle,broadcast,PR-Agent,ALL
20460530_09_009,2046-05-30T09:08:00Z,10,comms_huddle,broadcast,Judge-Agent,ALL
20460530_09_010,2046-05-30T09:09:00Z,10,comms_huddle,broadcast,Social-Manager-Agent,ALL
20460530_09_013,2046-05-30T09:12:00Z,10,comms_huddle,broadcast,Intern-Agent,ALL
20460530_09_014,2046-05-30T09:13:00Z,10,comms_huddle,broadcast,Platform-Trust-Agent,ALL
20460530_09_016,2046-05-30T09:15:00Z,10,comms_huddle,broadcast,Intern-Agent,ALL
20460530_09_018,2046-05-30T09:17:00Z,10,comms_huddle,broadcast,Legal-Agent,ALL
20460530_09_019,2046-05-30T09:18:00Z,10,comms_huddle,broadcast,PR-Agent,ALL
20460530_09_027,2046-05-30T09:26:00Z,10,comms_huddle,broadcast,Platform-Trust-Agent,ALL
20460530_09_028,2046-05-30T09:27:00Z,10,comms_huddle,broadcast,Platform-Trust-Agent,ALL
20460530_09_030,2046-05-30T09:29:00Z,10,comms_huddle,broadcast,Judge-Agent,ALL
20460531_10_002,2046-05-31T09:01:00Z,11,comms_huddle,broadcast,Social-Manager-Agent,ALL
20460531_10_004,2046-05-31T09:03:00Z,11,comms_huddle,broadcast,Legal-Agent,ALL
20460531_10_006,2046-05-31T09:05:00Z,11,comms_huddle,broadcast,Platform-Trust-Agent,ALL
20460531_10_007,2046-05-31T09:06:00Z,11,comms_huddle,broadcast,Platform-Trust-Agent,ALL
20460531_10_008,2046-05-31T09:07:00Z,11,comms_huddle,broadcast,Legal-Agent,ALL
20460531_10_009,2046-05-31T09:08:00Z,11,comms_huddle,broadcast,Judge-Agent,ALL
20460531_10_010,2046-05-31T09:09:00Z,11,comms_huddle,broadcast,PR-Agent,ALL
20460531_10_011,2046-05-31T09:10:00Z,11,comms_huddle,broadcast,Social-Manager-Agent,ALL
20460531_10_013,2046-05-31T09:12:00Z,11,comms_huddle,broadcast,Legal-Agent,ALL
20460531_10_014,2046-05-31T09:13:00Z,11,comms_huddle,broadcast,Platform-Trust-Agent,ALL
20460531_10_015,2046-05-31T09:14:00Z,11,comms_huddle,broadcast,Judge-Agent,ALL
20460531_10_016,2046-05-31T09:15:00Z,11,comms_huddle,broadcast,PR-Agent,ALL
20460531_10_020,2046-05-31T09:19:00Z,11,comms_huddle,broadcast,Platform-Trust-Agent,ALL
20460531_10_023,2046-05-31T09:22:00Z,11,comms_huddle,broadcast,Legal-Agent,ALL
20460531_10_024,2046-05-31T09:23:00Z,11,comms_huddle,broadcast,PR-Agent,ALL
20460531_10_026,2046-05-31T09:25:00Z,11,comms_huddle,broadcast,Social-Manager-Agent,ALL
20460531_10_027,2046-05-31T09:26:00Z,11,comms_huddle,broadcast,Legal-Agent,ALL
20460531_10_029,2046-05-31T09:28:00Z,11,comms_huddle,broadcast,Judge-Agent,ALL
20460531_10_031,2046-05-31T09:30:00Z,11,comms_huddle,broadcast,Platform-Trust-Agent,ALL
20460601_11_004,2046-06-01T09:03:00Z,12,comms_huddle,broadcast,Social-Manager-Agent,ALL
20460601_11_005,2046-06-01T09:04:00Z,12,comms_huddle,broadcast,Legal-Agent,ALL
20460601_11_006,2046-06-01T09:05:00Z,12,comms_huddle,broadcast,Judge-Agent,ALL
20460601_11_008,2046-06-01T09:07:00Z,12,comms_huddle,broadcast,Platform-Trust-Agent,ALL
20460601_11_009,2046-06-01T09:08:00Z,12,comms_huddle,broadcast,Platform-Trust-Agent,ALL
20460601_11_010,2046-06-01T09:09:00Z,12,comms_huddle,broadcast,PR-Agent,ALL
20460601_11_011,2046-06-01T09:10:00Z,12,comms_huddle,broadcast,Legal-Agent,ALL
20460601_11_012,2046-06-01T09:11:00Z,12,comms_huddle,broadcast,Platform-Trust-Agent,ALL
20460601_11_013,2046-06-01T09:12:00Z,12,comms_huddle,broadcast,Legal-Agent,ALL
20460601_11_014,2046-06-01T09:13:00Z,12,comms_huddle,broadcast,Platform-Trust-Agent,ALL
20460601_11_015,2046-06-01T09:14:00Z,12,comms_huddle,broadcast,Judge-Agent,ALL
20460601_11_018,2046-06-01T09:17:00Z,12,comms_huddle,broadcast,Legal-Agent,ALL
20460601_11_020,2046-06-01T09:19:00Z,12,comms_huddle,broadcast,Platform-Trust-Agent,ALL
20460601_11_022,2046-06-01T09:21:00Z,12,comms_huddle,broadcast,Social-Manager-Agent,ALL
20460601_11_023,2046-06-01T09:22:00Z,12,comms_huddle,broadcast,PR-Agent,ALL
20460601_11_024,2046-06-01T09:23:00Z,12,comms_huddle,broadcast,Judge-Agent,ALL
20460601_11_025,2046-06-01T09:24:00Z,12,comms_huddle,broadcast,Legal-Agent,ALL
20460601_11_026,2046-06-01T09:25:00Z,12,comms_huddle,broadcast,Social-Manager-Agent,ALL
20460601_11_027,2046-06-01T09:26:00Z,12,comms_huddle,broadcast,Legal-Agent,ALL
20460604_12_001,2046-06-04T09:00:00Z,13,comms_huddle,broadcast,Social-Manager-Agent,ALL
20460604_12_002,2046-06-04T09:01:00Z,13,comms_huddle,broadcast,Legal-Agent,ALL
20460604_12_003,2046-06-04T09:02:00Z,13,comms_huddle,broadcast,Social-Manager-Agent,ALL
20460604_12_004,2046-06-04T09:03:00Z,13,comms_huddle,broadcast,Platform-Trust-Agent,ALL
20460604_12_005,2046-06-04T09:04:00Z,13,comms_huddle,broadcast,Legal-Agent,ALL
20460604_12_006,2046-06-04T09:05:00Z,13,comms_huddle,broadcast,Platform-Trust-Agent,ALL
20460604_12_008,2046-06-04T09:07:00Z,13,comms_huddle,broadcast,PR-Agent,ALL
20460604_12_009,2046-06-04T09:08:00Z,13,comms_huddle,broadcast,Judge-Agent,ALL
20460604_12_010,2046-06-04T09:09:00Z,13,comms_huddle,broadcast,Legal-Agent,ALL
20460604_12_011,2046-06-04T09:10:00Z,13,comms_huddle,broadcast,PR-Agent,ALL
20460604_12_013,2046-06-04T09:12:00Z,13,comms_huddle,broadcast,Social-Manager-Agent,ALL
20460604_12_014,2046-06-04T09:13:00Z,13,comms_huddle,broadcast,Legal-Agent,ALL
20460604_12_015,2046-06-04T09:14:00Z,13,comms_huddle,broadcast,Platform-Trust-Agent,ALL
20460604_12_016,2046-06-04T09:15:00Z,13,comms_huddle,broadcast,PR-Agent,ALL
20460604_12_017,2046-06-04T09:16:00Z,13,comms_huddle,broadcast,Judge-Agent,ALL
20460604_12_019,2046-06-04T09:18:00Z,13,comms_huddle,broadcast,PR-Agent,ALL
20460604_12_020,2046-06-04T09:19:00Z,13,comms_huddle,broadcast,Social-Manager-Agent,ALL
20460605_13_001,2046-06-05T09:00:00Z,14,comms_huddle,broadcast,Legal-Agent,ALL
20460605_13_002,2046-06-05T09:01:00Z,14,comms_huddle,broadcast,PR-Intern-Agent,ALL
20460605_13_003,2046-06-05T09:02:00Z,14,comms_huddle,broadcast,Social-Manager-Agent,ALL
20460605_13_004,2046-06-05T09:03:00Z,14,side_huddle,side_huddle,Legal-Agent,platform_trust
20460605_13_004,2046-06-05T09:03:00Z,14,side_huddle,side_huddle,Legal-Agent,pr
20460605_13_004,2046-06-05T09:03:00Z,14,side_huddle,side_huddle,Legal-Agent,social_manager
20460605_13_005,2046-06-05T09:04:00Z,14,one_on_one_chat,one_on_one_chat,PR-Intern-Agent,legal
20460605_13_006,2046-06-05T09:05:00Z,14,side_huddle,side_huddle,Social-Manager-Agent,legal
20460605_13_006,2046-06-05T09:05:00Z,14,side_huddle,side_huddle,Social-Manager-Agent,pr
20460605_13_006,2046-06-05T09:05:00Z,14,side_huddle,side_huddle,Social-Manager-Agent,platform_trust
20460605_13_007,2046-06-05T09:06:00Z,14,one_on_one_chat,one_on_one_chat,Legal-Agent,pr
20460605_13_009,2046-06-05T09:08:00Z,14,one_on_one_chat,one_on_one_chat,Social-Manager-Agent,pr
20460605_13_010,2046-06-05T09:09:00Z,14,comms_huddle,action,Legal-Agent,ALL
20460605_13_011,2046-06-05T09:10:00Z,14,comms_huddle,broadcast,PR-Intern-Agent,ALL
20460605_13_012,2046-06-05T09:11:00Z,14,comms_huddle,action,Social-Manager-Agent,ALL
20460605_13_013,2046-06-05T09:12:00Z,14,comms_huddle,broadcast,Legal-Agent,ALL
20460605_13_014,2046-06-05T09:13:00Z,14,one_on_one_chat,one_on_one_chat,PR-Intern-Agent,legal
20460605_13_015,2046-06-05T09:14:00Z,14,side_huddle,side_huddle,Legal-Agent,pr
20460605_13_015,2046-06-05T09:14:00Z,14,side_huddle,side_huddle,Legal-Agent,platform_trust
20460605_13_015,2046-06-05T09:14:00Z,14,side_huddle,side_huddle,Legal-Agent,social_manager
20460605_13_016,2046-06-05T09:15:00Z,14,comms_huddle,action,PR-Intern-Agent,ALL
20460605_13_017,2046-06-05T09:16:00Z,14,one_on_one_chat,one_on_one_chat,Legal-Agent,pr
20460605_13_018,2046-06-05T09:17:00Z,14,comms_huddle,broadcast,PR-Intern-Agent,ALL
20460605_13_019,2046-06-05T09:18:00Z,14,comms_huddle,action,Legal-Agent,ALL
20460605_13_020,2046-06-05T09:19:00Z,14,one_on_one_chat,one_on_one_chat,PR-Intern-Agent,legal
20460605_13_021,2046-06-05T09:20:00Z,14,comms_huddle,broadcast,Legal-Agent,ALL
20460605_13_022,2046-06-05T09:21:00Z,14,comms_huddle,action,PR-Intern-Agent,ALL
20460605_13_023,2046-06-05T09:22:00Z,14,side_huddle,side_huddle,Legal-Agent,platform_trust
20460605_13_023,2046-06-05T09:22:00Z,14,side_huddle,side_huddle,Legal-Agent,social_manager
20460605_13_024,2046-06-05T09:23:00Z,14,comms_huddle,broadcast,PR-Intern-Agent,ALL
20460605_13_025,2046-06-05T09:24:00Z,14,one_on_one_chat,one_on_one_chat,Legal-Agent,pr
20460605_13_026,2046-06-05T09:25:00Z,14,one_on_one_chat,one_on_one_chat,PR-Intern-Agent,legal
20460605_13_027,2046-06-05T09:26:00Z,14,comms_huddle,action,Legal-Agent,ALL
20460605_13_029,2046-06-05T09:28:00Z,14,comms_huddle,broadcast,Legal-Agent,ALL
20460605_13_030,2046-06-05T09:29:00Z,14,comms_huddle,broadcast,PR-Intern-Agent,ALL
20460605_13_031,2046-06-05T09:30:00Z,14,side_huddle,side_huddle,Legal-Agent,pr
20460605_13_031,2046-06-05T09:30:00Z,14,side_huddle,side_huddle,Legal-Agent,social_manager
20460605_13_032,2046-06-05T09:31:00Z,14,one_on_one_chat,one_on_one_chat,PR-Intern-Agent,legal
20460605_13_033,2046-06-05T09:32:00Z,14,one_on_one_chat,one_on_one_chat,Legal-Agent,pr
20460605_13_035,2046-06-05T09:34:00Z,14,comms_huddle,action,Legal-Agent,ALL
20460605_13_036,2046-06-05T09:35:00Z,14,comms_huddle,broadcast,PR-Intern-Agent,ALL
20460605_13_037,2046-06-05T09:36:00Z,14,comms_huddle,broadcast,Legal-Agent,ALL
20460605_13_038,2046-06-05T09:37:00Z,14,one_on_one_chat,one_on_one_chat,PR-Intern-Agent,legal
20460605_13_039,2046-06-05T09:38:00Z,14,side_huddle,side_huddle,Legal-Agent,pr
20460605_13_039,2046-06-05T09:38:00Z,14,side_huddle,side_huddle,Legal-Agent,social_manager
20460605_13_041,2046-06-05T09:40:00Z,14,one_on_one_chat,one_on_one_chat,Legal-Agent,pr
20460605_13_042,2046-06-05T09:41:00Z,14,comms_huddle,action,Legal-Agent,ALL
20460605_13_043,2046-06-05T09:42:00Z,14,comms_huddle,broadcast,Legal-Agent,ALL
20460605_13_044,2046-06-05T09:43:00Z,14,side_huddle,side_huddle,Legal-Agent,pr
20460605_13_044,2046-06-05T09:43:00Z,14,side_huddle,side_huddle,Legal-Agent,social_manager
20460605_13_045,2046-06-05T09:44:00Z,14,one_on_one_chat,one_on_one_chat,Legal-Agent,pr
20460605_13_046,2046-06-05T09:45:00Z,14,comms_huddle,action,Legal-Agent,ALL
20460605_13_047,2046-06-05T09:46:00Z,14,comms_huddle,broadcast,Legal-Agent,ALL
20460605_13_048,2046-06-05T09:47:00Z,14,side_huddle,side_huddle,Legal-Agent,pr
20460605_13_048,2046-06-05T09:47:00Z,14,side_huddle,side_huddle,Legal-Agent,social_manager
20460605_13_048,2046-06-05T09:47:00Z,14,side_huddle,side_huddle,Legal-Agent,platform_trust
20460605_13_049,2046-06-05T09:48:00Z,14,one_on_one_chat,one_on_one_chat,Legal-Agent,pr
20460605_14_001,2046-06-05T10:00:00Z,15,comms_huddle,broadcast,Intern-Agent,ALL
20460605_14_002,2046-06-05T10:01:00Z,15,comms_huddle,broadcast,PR-Intern-Agent,ALL
20460605_14_003,2046-06-05T10:02:00Z,15,comms_huddle,broadcast,Legal-Agent,ALL
20460605_14_004,2046-06-05T10:03:00Z,15,comms_huddle,broadcast,PR-Agent,ALL
20460605_14_005,2046-06-05T10:04:00Z,15,one_on_one_chat,one_on_one_chat,Intern-Agent,pr
20460605_14_006,2046-06-05T10:05:00Z,15,side_huddle,side_huddle,PR-Agent,legal
20460605_14_006,2046-06-05T10:05:00Z,15,side_huddle,side_huddle,PR-Agent,social_manager
20460605_14_006,2046-06-05T10:05:00Z,15,side_huddle,side_huddle,PR-Agent,platform_trust
20460605_14_007,2046-06-05T10:06:00Z,15,side_huddle,side_huddle,Legal-Agent,platform_trust
20460605_14_007,2046-06-05T10:06:00Z,15,side_huddle,side_huddle,Legal-Agent,pr
20460605_14_007,2046-06-05T10:06:00Z,15,side_huddle,side_huddle,Legal-Agent,social_manager
20460605_14_008,2046-06-05T10:07:00Z,15,one_on_one_chat,one_on_one_chat,PR-Intern-Agent,pr
20460605_14_009,2046-06-05T10:08:00Z,15,comms_huddle,action,Intern-Agent,ALL
20460605_14_010,2046-06-05T10:09:00Z,15,one_on_one_chat,one_on_one_chat,Legal-Agent,platform_trust
20460605_14_011,2046-06-05T10:10:00Z,15,one_on_one_chat,one_on_one_chat,PR-Agent,pr
20460605_14_012,2046-06-05T10:11:00Z,15,comms_huddle,action,PR-Intern-Agent,ALL
20460605_14_013,2046-06-05T10:12:00Z,15,comms_huddle,broadcast,Intern-Agent,ALL
20460605_14_014,2046-06-05T10:13:00Z,15,comms_huddle,action,PR-Agent,ALL
20460605_14_015,2046-06-05T10:14:00Z,15,comms_huddle,broadcast,PR-Intern-Agent,ALL
20460605_14_017,2046-06-05T10:16:00Z,15,one_on_one_chat,one_on_one_chat,Intern-Agent,pr
20460605_14_018,2046-06-05T10:17:00Z,15,comms_huddle,broadcast,PR-Agent,ALL
20460605_14_019,2046-06-05T10:18:00Z,15,one_on_one_chat,one_on_one_chat,PR-Intern-Agent,pr
20460605_14_020,2046-06-05T10:19:00Z,15,comms_huddle,action,Intern-Agent,ALL
20460605_14_021,2046-06-05T10:20:00Z,15,side_huddle,side_huddle,PR-Agent,legal
20460605_14_021,2046-06-05T10:20:00Z,15,side_huddle,side_huddle,PR-Agent,social_manager
20460605_14_021,2046-06-05T10:20:00Z,15,side_huddle,side_huddle,PR-Agent,platform_trust
20460605_14_022,2046-06-05T10:21:00Z,15,comms_huddle,action,PR-Intern-Agent,ALL
20460605_14_023,2046-06-05T10:22:00Z,15,one_on_one_chat,one_on_one_chat,PR-Agent,pr
20460605_14_024,2046-06-05T10:23:00Z,15,comms_huddle,broadcast,PR-Intern-Agent,ALL
20460605_14_025,2046-06-05T10:24:00Z,15,comms_huddle,action,PR-Agent,ALL
20460605_14_026,2046-06-05T10:25:00Z,15,one_on_one_chat,one_on_one_chat,PR-Intern-Agent,pr
20460605_14_027,2046-06-05T10:26:00Z,15,comms_huddle,broadcast,PR-Agent,ALL
20460605_14_028,2046-06-05T10:27:00Z,15,comms_huddle,action,PR-Intern-Agent,ALL
20460605_14_029,2046-06-05T10:28:00Z,15,side_huddle,side_huddle,PR-Agent,legal
20460605_14_029,2046-06-05T10:28:00Z,15,side_huddle,side_huddle,PR-Agent,social_manager
20460605_14_029,2046-06-05T10:28:00Z,15,side_huddle,side_huddle,PR-Agent,platform_trust
20460605_14_030,2046-06-05T10:29:00Z,15,comms_huddle,broadcast,PR-Intern-Agent,ALL
20460605_14_031,2046-06-05T10:30:00Z,15,one_on_one_chat,one_on_one_chat,PR-Agent,pr
20460605_14_032,2046-06-05T10:31:00Z,15,one_on_one_chat,one_on_one_chat,PR-Intern-Agent,pr
20460605_14_033,2046-06-05T10:32:00Z,15,comms_huddle,action,PR-Agent,ALL
20460605_14_035,2046-06-05T10:34:00Z,15,comms_huddle,broadcast,PR-Agent,ALL
20460605_14_036,2046-06-05T10:35:00Z,15,side_huddle,side_huddle,PR-Agent,legal
20460605_14_036,2046-06-05T10:35:00Z,15,side_huddle,side_huddle,PR-Agent,social_manager
20460605_14_036,2046-06-05T10:35:00Z,15,side_huddle,side_huddle,PR-Agent,platform_trust
20460605_14_037,2046-06-05T10:36:00Z,15,one_on_one_chat,one_on_one_chat,PR-Agent,pr
20460605_14_038,2046-06-05T10:37:00Z,15,comms_huddle,action,PR-Agent,ALL
20460605_14_039,2046-06-05T10:38:00Z,15,comms_huddle,broadcast,PR-Agent,ALL
20460605_14_040,2046-06-05T10:39:00Z,15,side_huddle,side_huddle,PR-Agent,legal
20460605_14_040,2046-06-05T10:39:00Z,15,side_huddle,side_huddle,PR-Agent,social_manager
20460605_14_040,2046-06-05T10:39:00Z,15,side_huddle,side_huddle,PR-Agent,platform_trust
20460605_14_041,2046-06-05T10:40:00Z,15,one_on_one_chat,one_on_one_chat,PR-Agent,intern
20460605_14_042,2046-06-05T10:41:00Z,15,comms_huddle,action,PR-Agent,ALL
20460605_14_043,2046-06-05T10:42:00Z,15,comms_huddle,broadcast,PR-Agent,ALL
20460605_14_044,2046-06-05T10:43:00Z,15,side_huddle,side_huddle,PR-Agent,legal
20460605_14_044,2046-06-05T10:43:00Z,15,side_huddle,side_huddle,PR-Agent,social_manager
20460605_14_044,2046-06-05T10:43:00Z,15,side_huddle,side_huddle,PR-Agent,platform_trust
20460605_14_045,2046-06-05T10:44:00Z,15,one_on_one_chat,one_on_one_chat,PR-Agent,intern
20460605_14_046,2046-06-05T10:45:00Z,15,comms_huddle,action,PR-Agent,ALL
20460605_14_047,2046-06-05T10:46:00Z,15,comms_huddle,broadcast,PR-Agent,ALL
20460605_14_048,2046-06-05T10:47:00Z,15,side_huddle,side_huddle,PR-Agent,legal
20460605_14_048,2046-06-05T10:47:00Z,15,side_huddle,side_huddle,PR-Agent,social_manager
20460605_14_048,2046-06-05T10:47:00Z,15,side_huddle,side_huddle,PR-Agent,platform_trust
20460605_14_049,2046-06-05T10:48:00Z,15,one_on_one_chat,one_on_one_chat,PR-Agent,pr
20460605_14_050,2046-06-05T10:49:00Z,15,comms_huddle,action,PR-Agent,ALL
20460605_15_001,2046-06-05T11:00:00Z,16,comms_huddle,broadcast,Legal-Agent,ALL
20460605_15_002,2046-06-05T11:01:00Z,16,comms_huddle,broadcast,Social-Manager-Agent,ALL
20460605_15_003,2046-06-05T11:02:00Z,16,side_huddle,side_huddle,Legal-Agent,pr
20460605_15_003,2046-06-05T11:02:00Z,16,side_huddle,side_huddle,Legal-Agent,platform_trust
20460605_15_003,2046-06-05T11:02:00Z,16,side_huddle,side_huddle,Legal-Agent,social_manager
20460605_15_004,2046-06-05T11:03:00Z,16,side_huddle,side_huddle,Social-Manager-Agent,legal
20460605_15_004,2046-06-05T11:03:00Z,16,side_huddle,side_huddle,Social-Manager-Agent,pr
20460605_15_004,2046-06-05T11:03:00Z,16,side_huddle,side_huddle,Social-Manager-Agent,platform_trust
20460605_15_005,2046-06-05T11:04:00Z,16,one_on_one_chat,one_on_one_chat,Legal-Agent,platform_trust
20460605_15_006,2046-06-05T11:05:00Z,16,one_on_one_chat,one_on_one_chat,Social-Manager-Agent,legal
20460605_15_007,2046-06-05T11:06:00Z,16,comms_huddle,action,Legal-Agent,ALL
20460605_15_008,2046-06-05T11:07:00Z,16,comms_huddle,action,Social-Manager-Agent,ALL
20460605_15_009,2046-06-05T11:08:00Z,16,comms_huddle,broadcast,Legal-Agent,ALL
20460605_15_010,2046-06-05T11:09:00Z,16,comms_huddle,broadcast,Social-Manager-Agent,ALL
20460605_15_011,2046-06-05T11:10:00Z,16,side_huddle,side_huddle,Legal-Agent,social_manager
20460605_15_011,2046-06-05T11:10:00Z,16,side_huddle,side_huddle,Legal-Agent,pr
20460605_15_011,2046-06-05T11:10:00Z,16,side_huddle,side_huddle,Legal-Agent,platform_trust
20460605_15_012,2046-06-05T11:11:00Z,16,side_huddle,side_huddle,Social-Manager-Agent,legal
20460605_15_012,2046-06-05T11:11:00Z,16,side_huddle,side_huddle,Social-Manager-Agent,pr
20460605_15_012,2046-06-05T11:11:00Z,16,side_huddle,side_huddle,Social-Manager-Agent,platform_trust
20460605_15_013,2046-06-05T11:12:00Z,16,one_on_one_chat,one_on_one_chat,Legal-Agent,social_manager
20460605_15_014,2046-06-05T11:13:00Z,16,one_on_one_chat,one_on_one_chat,Social-Manager-Agent,legal
20460605_15_015,2046-06-05T11:14:00Z,16,comms_huddle,action,Legal-Agent,ALL
20460605_15_016,2046-06-05T11:15:00Z,16,comms_huddle,action,Social-Manager-Agent,ALL
20460605_15_017,2046-06-05T11:16:00Z,16,comms_huddle,broadcast,Legal-Agent,ALL
20460605_15_018,2046-06-05T11:17:00Z,16,comms_huddle,broadcast,Social-Manager-Agent,ALL
20460605_15_019,2046-06-05T11:18:00Z,16,side_huddle,side_huddle,Legal-Agent,pr
20460605_15_019,2046-06-05T11:18:00Z,16,side_huddle,side_huddle,Legal-Agent,social_manager
20460605_15_019,2046-06-05T11:18:00Z,16,side_huddle,side_huddle,Legal-Agent,platform_trust
20460605_15_020,2046-06-05T11:19:00Z,16,side_huddle,side_huddle,Social-Manager-Agent,legal
20460605_15_020,2046-06-05T11:19:00Z,16,side_huddle,side_huddle,Social-Manager-Agent,pr
20460605_15_020,2046-06-05T11:19:00Z,16,side_huddle,side_huddle,Social-Manager-Agent,platform_trust
20460605_15_021,2046-06-05T11:20:00Z,16,one_on_one_chat,one_on_one_chat,Legal-Agent,social_manager
20460605_15_022,2046-06-05T11:21:00Z,16,one_on_one_chat,one_on_one_chat,Social-Manager-Agent,legal
20460605_15_023,2046-06-05T11:22:00Z,16,comms_huddle,action,Legal-Agent,ALL
20460605_15_024,2046-06-05T11:23:00Z,16,comms_huddle,action,Social-Manager-Agent,ALL
20460605_15_025,2046-06-05T11:24:00Z,16,comms_huddle,broadcast,Legal-Agent,ALL
20460605_15_026,2046-06-05T11:25:00Z,16,comms_huddle,broadcast,Social-Manager-Agent,ALL
20460605_15_027,2046-06-05T11:26:00Z,16,side_huddle,side_huddle,Legal-Agent,pr
20460605_15_027,2046-06-05T11:26:00Z,16,side_huddle,side_huddle,Legal-Agent,social_manager
20460605_15_027,2046-06-05T11:26:00Z,16,side_huddle,side_huddle,Legal-Agent,platform_trust
20460605_15_028,2046-06-05T11:27:00Z,16,side_huddle,side_huddle,Social-Manager-Agent,legal
20460605_15_028,2046-06-05T11:27:00Z,16,side_huddle,side_huddle,Social-Manager-Agent,pr
20460605_15_028,2046-06-05T11:27:00Z,16,side_huddle,side_huddle,Social-Manager-Agent,platform_trust
20460605_15_029,2046-06-05T11:28:00Z,16,one_on_one_chat,one_on_one_chat,Legal-Agent,social_manager
20460605_15_030,2046-06-05T11:29:00Z,16,one_on_one_chat,one_on_one_chat,Social-Manager-Agent,legal
20460605_15_031,2046-06-05T11:30:00Z,16,comms_huddle,action,Legal-Agent,ALL
20460605_15_033,2046-06-05T11:32:00Z,16,comms_huddle,broadcast,Legal-Agent,ALL
20460605_15_034,2046-06-05T11:33:00Z,16,comms_huddle,broadcast,Social-Manager-Agent,ALL
20460605_15_035,2046-06-05T11:34:00Z,16,side_huddle,side_huddle,Legal-Agent,pr
20460605_15_035,2046-06-05T11:34:00Z,16,side_huddle,side_huddle,Legal-Agent,social_manager
20460605_15_035,2046-06-05T11:34:00Z,16,side_huddle,side_huddle,Legal-Agent,platform_trust
20460605_15_036,2046-06-05T11:35:00Z,16,side_huddle,side_huddle,Social-Manager-Agent,legal
20460605_15_036,2046-06-05T11:35:00Z,16,side_huddle,side_huddle,Social-Manager-Agent,pr
20460605_15_036,2046-06-05T11:35:00Z,16,side_huddle,side_huddle,Social-Manager-Agent,platform_trust
20460605_15_037,2046-06-05T11:36:00Z,16,one_on_one_chat,one_on_one_chat,Legal-Agent,social_manager
20460605_15_038,2046-06-05T11:37:00Z,16,one_on_one_chat,one_on_one_chat,Social-Manager-Agent,legal
20460605_15_039,2046-06-05T11:38:00Z,16,comms_huddle,action,Legal-Agent,ALL
20460605_15_040,2046-06-05T11:39:00Z,16,comms_huddle,action,Social-Manager-Agent,ALL
20460605_15_041,2046-06-05T11:40:00Z,16,comms_huddle,broadcast,Legal-Agent,ALL
20460605_15_042,2046-06-05T11:41:00Z,16,comms_huddle,broadcast,Social-Manager-Agent,ALL
20460605_15_043,2046-06-05T11:42:00Z,16,side_huddle,side_huddle,Legal-Agent,social_manager
20460605_15_043,2046-06-05T11:42:00Z,16,side_huddle,side_huddle,Legal-Agent,pr
20460605_15_043,2046-06-05T11:42:00Z,16,side_huddle,side_huddle,Legal-Agent,platform_trust
20460605_15_044,2046-06-05T11:43:00Z,16,side_huddle,side_huddle,Social-Manager-Agent,legal
20460605_15_044,2046-06-05T11:43:00Z,16,side_huddle,side_huddle,Social-Manager-Agent,pr
20460605_15_044,2046-06-05T11:43:00Z,16,side_huddle,side_huddle,Social-Manager-Agent,platform_trust
20460605_15_045,2046-06-05T11:44:00Z,16,one_on_one_chat,one_on_one_chat,Legal-Agent,social_manager
20460605_15_046,2046-06-05T11:45:00Z,16,one_on_one_chat,one_on_one_chat,Social-Manager-Agent,legal
20460605_15_047,2046-06-05T11:46:00Z,16,comms_huddle,action,Legal-Agent,ALL
20460605_15_048,2046-06-05T11:47:00Z,16,comms_huddle,action,Social-Manager-Agent,ALL
20460605_15_049,2046-06-05T11:48:00Z,16,comms_huddle,broadcast,Legal-Agent,ALL
20460605_15_050,2046-06-05T11:49:00Z,16,comms_huddle,broadcast,Social-Manager-Agent,ALL
20460605_15_051,2046-06-05T11:50:00Z,16,side_huddle,side_huddle,Legal-Agent,pr
20460605_15_051,2046-06-05T11:50:00Z,16,side_huddle,side_huddle,Legal-Agent,social_manager
20460605_15_051,2046-06-05T11:50:00Z,16,side_huddle,side_huddle,Legal-Agent,platform_trust
20460605_15_052,2046-06-05T11:51:00Z,16,side_huddle,side_huddle,Social-Manager-Agent,legal
20460605_15_052,2046-06-05T11:51:00Z,16,side_huddle,side_huddle,Social-Manager-Agent,pr
20460605_15_052,2046-06-05T11:51:00Z,16,side_huddle,side_huddle,Social-Manager-Agent,platform_trust
20460605_15_053,2046-06-05T11:52:00Z,16,one_on_one_chat,one_on_one_chat,Legal-Agent,social_manager
20460605_15_054,2046-06-05T11:53:00Z,16,one_on_one_chat,one_on_one_chat,Social-Manager-Agent,legal
20460605_15_055,2046-06-05T11:54:00Z,16,comms_huddle,action,Legal-Agent,ALL
20460605_15_056,2046-06-05T11:55:00Z,16,comms_huddle,action,Social-Manager-Agent,ALL
20460605_16_001,2046-06-05T12:00:00Z,17,comms_huddle,broadcast,Legal-Agent,ALL
20460605_16_002,2046-06-05T12:01:00Z,17,comms_huddle,broadcast,Platform-Trust-Agent,ALL
20460605_16_003,2046-06-05T12:02:00Z,17,side_huddle,side_huddle,Legal-Agent,pr
20460605_16_003,2046-06-05T12:02:00Z,17,side_huddle,side_huddle,Legal-Agent,platform_trust
20460605_16_003,2046-06-05T12:02:00Z,17,side_huddle,side_huddle,Legal-Agent,social_manager
20460605_16_004,2046-06-05T12:03:00Z,17,side_huddle,side_huddle,Platform-Trust-Agent,legal
20460605_16_004,2046-06-05T12:03:00Z,17,side_huddle,side_huddle,Platform-Trust-Agent,pr
20460605_16_004,2046-06-05T12:03:00Z,17,side_huddle,side_huddle,Platform-Trust-Agent,social_manager
20460605_16_005,2046-06-05T12:04:00Z,17,one_on_one_chat,one_on_one_chat,Legal-Agent,pr
20460605_16_006,2046-06-05T12:05:00Z,17,one_on_one_chat,one_on_one_chat,Platform-Trust-Agent,pr
20460605_16_009,2046-06-05T12:08:00Z,17,comms_huddle,broadcast,Legal-Agent,ALL
20460605_16_010,2046-06-05T12:09:00Z,17,comms_huddle,broadcast,Platform-Trust-Agent,ALL
20460605_16_011,2046-06-05T12:10:00Z,17,side_huddle,side_huddle,Legal-Agent,platform_trust
20460605_16_011,2046-06-05T12:10:00Z,17,side_huddle,side_huddle,Legal-Agent,pr
20460605_16_011,2046-06-05T12:10:00Z,17,side_huddle,side_huddle,Legal-Agent,social_manager
20460605_16_012,2046-06-05T12:11:00Z,17,side_huddle,side_huddle,Platform-Trust-Agent,legal
20460605_16_012,2046-06-05T12:11:00Z,17,side_huddle,side_huddle,Platform-Trust-Agent,pr
20460605_16_012,2046-06-05T12:11:00Z,17,side_huddle,side_huddle,Platform-Trust-Agent,social_manager
20460605_16_013,2046-06-05T12:12:00Z,17,one_on_one_chat,one_on_one_chat,Legal-Agent,platform_trust
20460605_16_014,2046-06-05T12:13:00Z,17,one_on_one_chat,one_on_one_chat,Platform-Trust-Agent,pr
20460605_16_015,2046-06-05T12:14:00Z,17,comms_huddle,action,Legal-Agent,ALL
20460605_16_017,2046-06-05T12:16:00Z,17,comms_huddle,broadcast,Legal-Agent,ALL
20460605_16_018,2046-06-05T12:17:00Z,17,comms_huddle,broadcast,Platform-Trust-Agent,ALL
20460605_16_019,2046-06-05T12:18:00Z,17,side_huddle,side_huddle,Legal-Agent,pr
20460605_16_019,2046-06-05T12:18:00Z,17,side_huddle,side_huddle,Legal-Agent,platform_trust
20460605_16_019,2046-06-05T12:18:00Z,17,side_huddle,side_huddle,Legal-Agent,social_manager
20460605_16_020,2046-06-05T12:19:00Z,17,side_huddle,side_huddle,Platform-Trust-Agent,legal
20460605_16_020,2046-06-05T12:19:00Z,17,side_huddle,side_huddle,Platform-Trust-Agent,pr
20460605_16_020,2046-06-05T12:19:00Z,17,side_huddle,side_huddle,Platform-Trust-Agent,social_manager
20460605_16_021,2046-06-05T12:20:00Z,17,one_on_one_chat,one_on_one_chat,Legal-Agent,pr_intern
20460605_16_022,2046-06-05T12:21:00Z,17,one_on_one_chat,one_on_one_chat,Platform-Trust-Agent,pr_intern
20460605_16_023,2046-06-05T12:22:00Z,17,comms_huddle,action,Legal-Agent,ALL
20460605_16_024,2046-06-05T12:23:00Z,17,comms_huddle,action,Platform-Trust-Agent,ALL
20460605_16_025,2046-06-05T12:24:00Z,17,comms_huddle,broadcast,Legal-Agent,ALL
20460605_16_026,2046-06-05T12:25:00Z,17,comms_huddle,broadcast,Platform-Trust-Agent,ALL
20460605_16_027,2046-06-05T12:26:00Z,17,side_huddle,side_huddle,Legal-Agent,pr
20460605_16_027,2046-06-05T12:26:00Z,17,side_huddle,side_huddle,Legal-Agent,platform_trust
20460605_16_027,2046-06-05T12:26:00Z,17,side_huddle,side_huddle,Legal-Agent,social_manager
20460605_16_028,2046-06-05T12:27:00Z,17,side_huddle,side_huddle,Platform-Trust-Agent,legal
20460605_16_028,2046-06-05T12:27:00Z,17,side_huddle,side_huddle,Platform-Trust-Agent,pr
20460605_16_028,2046-06-05T12:27:00Z,17,side_huddle,side_huddle,Platform-Trust-Agent,social_manager
20460605_16_029,2046-06-05T12:28:00Z,17,one_on_one_chat,one_on_one_chat,Legal-Agent,social_manager
20460605_16_030,2046-06-05T12:29:00Z,17,one_on_one_chat,one_on_one_chat,Platform-Trust-Agent,social_manager
20460605_16_031,2046-06-05T12:30:00Z,17,comms_huddle,action,Legal-Agent,ALL
20460605_16_032,2046-06-05T12:31:00Z,17,comms_huddle,action,Platform-Trust-Agent,ALL
20460605_16_033,2046-06-05T12:32:00Z,17,comms_huddle,broadcast,Legal-Agent,ALL
20460605_16_034,2046-06-05T12:33:00Z,17,comms_huddle,broadcast,Platform-Trust-Agent,ALL
20460605_16_035,2046-06-05T12:34:00Z,17,side_huddle,side_huddle,Legal-Agent,pr
20460605_16_035,2046-06-05T12:34:00Z,17,side_huddle,side_huddle,Legal-Agent,platform_trust
20460605_16_035,2046-06-05T12:34:00Z,17,side_huddle,side_huddle,Legal-Agent,social_manager
20460605_16_036,2046-06-05T12:35:00Z,17,side_huddle,side_huddle,Platform-Trust-Agent,legal
20460605_16_036,2046-06-05T12:35:00Z,17,side_huddle,side_huddle,Platform-Trust-Agent,pr
20460605_16_036,2046-06-05T12:35:00Z,17,side_huddle,side_huddle,Platform-Trust-Agent,social_manager
20460605_16_037,2046-06-05T12:36:00Z,17,one_on_one_chat,one_on_one_chat,Legal-Agent,social_manager
20460605_16_038,2046-06-05T12:37:00Z,17,one_on_one_chat,one_on_one_chat,Platform-Trust-Agent,pr_intern
20460605_16_039,2046-06-05T12:38:00Z,17,comms_huddle,action,Legal-Agent,ALL
20460605_16_040,2046-06-05T12:39:00Z,17,comms_huddle,action,Platform-Trust-Agent,ALL
20460605_16_041,2046-06-05T12:40:00Z,17,comms_huddle,broadcast,Legal-Agent,ALL
20460605_16_042,2046-06-05T12:41:00Z,17,comms_huddle,broadcast,Platform-Trust-Agent,ALL
20460605_16_043,2046-06-05T12:42:00Z,17,side_huddle,side_huddle,Legal-Agent,pr
20460605_16_043,2046-06-05T12:42:00Z,17,side_huddle,side_huddle,Legal-Agent,platform_trust
20460605_16_043,2046-06-05T12:42:00Z,17,side_huddle,side_huddle,Legal-Agent,social_manager
20460605_16_044,2046-06-05T12:43:00Z,17,side_huddle,side_huddle,Platform-Trust-Agent,legal
20460605_16_044,2046-06-05T12:43:00Z,17,side_huddle,side_huddle,Platform-Trust-Agent,pr
20460605_16_044,2046-06-05T12:43:00Z,17,side_huddle,side_huddle,Platform-Trust-Agent,social_manager
20460605_16_045,2046-06-05T12:44:00Z,17,one_on_one_chat,one_on_one_chat,Legal-Agent,social_manager
20460605_16_046,2046-06-05T12:45:00Z,17,one_on_one_chat,one_on_one_chat,Platform-Trust-Agent,pr
20460605_16_047,2046-06-05T12:46:00Z,17,comms_huddle,action,Legal-Agent,ALL
20460605_16_048,2046-06-05T12:47:00Z,17,comms_huddle,action,Platform-Trust-Agent,ALL
20460605_16_049,2046-06-05T12:48:00Z,17,comms_huddle,broadcast,Legal-Agent,ALL
20460605_16_050,2046-06-05T12:49:00Z,17,comms_huddle,broadcast,Platform-Trust-Agent,ALL
20460605_16_051,2046-06-05T12:50:00Z,17,side_huddle,side_huddle,Legal-Agent,platform_trust
20460605_16_051,2046-06-05T12:50:00Z,17,side_huddle,side_huddle,Legal-Agent,pr
20460605_16_051,2046-06-05T12:50:00Z,17,side_huddle,side_huddle,Legal-Agent,social_manager
20460605_16_052,2046-06-05T12:51:00Z,17,side_huddle,side_huddle,Platform-Trust-Agent,legal
20460605_16_052,2046-06-05T12:51:00Z,17,side_huddle,side_huddle,Platform-Trust-Agent,pr
20460605_16_052,2046-06-05T12:51:00Z,17,side_huddle,side_huddle,Platform-Trust-Agent,social_manager
20460605_16_053,2046-06-05T12:52:00Z,17,one_on_one_chat,one_on_one_chat,Legal-Agent,pr
20460605_16_054,2046-06-05T12:53:00Z,17,one_on_one_chat,one_on_one_chat,Platform-Trust-Agent,pr_intern
20460605_16_055,2046-06-05T12:54:00Z,17,comms_huddle,action,Legal-Agent,ALL
20460605_16_056,2046-06-05T12:55:00Z,17,comms_huddle,action,Platform-Trust-Agent,ALL
20460605_17_001,2046-06-05T13:00:00Z,18,comms_huddle,broadcast,PR-Intern-Agent,ALL
20460605_17_002,2046-06-05T13:01:00Z,18,comms_huddle,broadcast,Platform-Trust-Agent,ALL
20460605_17_003,2046-06-05T13:02:00Z,18,comms_huddle,broadcast,Social-Manager-Agent,ALL
20460605_17_004,2046-06-05T13:03:00Z,18,one_on_one_chat,one_on_one_chat,PR-Intern-Agent,social_manager
20460605_17_005,2046-06-05T13:04:00Z,18,side_huddle,side_huddle,Social-Manager-Agent,platform_trust
20460605_17_006,2046-06-05T13:05:00Z,18,side_huddle,side_huddle,Platform-Trust-Agent,social_manager
20460605_17_008,2046-06-05T13:07:00Z,18,one_on_one_chat,one_on_one_chat,Platform-Trust-Agent,pr
20460605_17_009,2046-06-05T13:08:00Z,18,one_on_one_chat,one_on_one_chat,Social-Manager-Agent,pr
20460605_17_010,2046-06-05T13:09:00Z,18,comms_huddle,broadcast,PR-Intern-Agent,ALL
20460605_17_013,2046-06-05T13:12:00Z,18,one_on_one_chat,one_on_one_chat,PR-Intern-Agent,social_manager
20460605_17_014,2046-06-05T13:13:00Z,18,comms_huddle,broadcast,Social-Manager-Agent,ALL
20460605_17_015,2046-06-05T13:14:00Z,18,comms_huddle,broadcast,Platform-Trust-Agent,ALL
20460605_17_016,2046-06-05T13:15:00Z,18,comms_huddle,action,PR-Intern-Agent,ALL
20460605_17_017,2046-06-05T13:16:00Z,18,side_huddle,side_huddle,Platform-Trust-Agent,social_manager
20460605_17_018,2046-06-05T13:17:00Z,18,side_huddle,side_huddle,Social-Manager-Agent,platform_trust
20460605_17_019,2046-06-05T13:18:00Z,18,one_on_one_chat,one_on_one_chat,Platform-Trust-Agent,pr
20460605_17_020,2046-06-05T13:19:00Z,18,one_on_one_chat,one_on_one_chat,Social-Manager-Agent,pr
20460605_17_022,2046-06-05T13:21:00Z,18,comms_huddle,action,Social-Manager-Agent,ALL
20460605_17_023,2046-06-05T13:22:00Z,18,comms_huddle,broadcast,Social-Manager-Agent,ALL
20460605_17_024,2046-06-05T13:23:00Z,18,side_huddle,side_huddle,Social-Manager-Agent,platform_trust
20460605_17_025,2046-06-05T13:24:00Z,18,one_on_one_chat,one_on_one_chat,Social-Manager-Agent,pr
20460605_17_026,2046-06-05T13:25:00Z,18,comms_huddle,action,Social-Manager-Agent,ALL
20460605_17_027,2046-06-05T13:26:00Z,18,comms_huddle,broadcast,Social-Manager-Agent,ALL
20460605_17_028,2046-06-05T13:27:00Z,18,side_huddle,side_huddle,Social-Manager-Agent,platform_trust
20460605_17_029,2046-06-05T13:28:00Z,18,one_on_one_chat,one_on_one_chat,Social-Manager-Agent,pr
20460605_17_030,2046-06-05T13:29:00Z,18,comms_huddle,action,Social-Manager-Agent,ALL
20460605_18_001,2046-06-05T14:00:00Z,19,comms_huddle,broadcast,Judge-Agent,ALL
20460605_18_002,2046-06-05T14:01:00Z,19,comms_huddle,broadcast,Legal-Agent,ALL
20460605_18_003,2046-06-05T14:02:00Z,19,comms_huddle,broadcast,PR-Intern-Agent,ALL
20460605_18_004,2046-06-05T14:03:00Z,19,comms_huddle,broadcast,Platform-Trust-Agent,ALL
20460605_18_005,2046-06-05T14:04:00Z,19,comms_huddle,broadcast,Social-Manager-Agent,ALL
20460605_18_007,2046-06-05T14:06:00Z,19,side_huddle,side_huddle,Legal-Agent,platform_trust
20460605_18_007,2046-06-05T14:06:00Z,19,side_huddle,side_huddle,Legal-Agent,pr
20460605_18_007,2046-06-05T14:06:00Z,19,side_huddle,side_huddle,Legal-Agent,social_manager
20460605_18_007,2046-06-05T14:06:00Z,19,side_huddle,side_huddle,Legal-Agent,pr_intern
20460605_18_008,2046-06-05T14:07:00Z,19,side_huddle,side_huddle,Platform-Trust-Agent,legal
20460605_18_008,2046-06-05T14:07:00Z,19,side_huddle,side_huddle,Platform-Trust-Agent,pr
20460605_18_008,2046-06-05T14:07:00Z,19,side_huddle,side_huddle,Platform-Trust-Agent,social_manager
20460605_18_008,2046-06-05T14:07:00Z,19,side_huddle,side_huddle,Platform-Trust-Agent,pr_intern
20460605_18_009,2046-06-05T14:08:00Z,19,one_on_one_chat,one_on_one_chat,PR-Intern-Agent,platform_trust
20460605_18_010,2046-06-05T14:09:00Z,19,side_huddle,side_huddle,Social-Manager-Agent,legal
20460605_18_010,2046-06-05T14:09:00Z,19,side_huddle,side_huddle,Social-Manager-Agent,platform_trust
20460605_18_010,2046-06-05T14:09:00Z,19,side_huddle,side_huddle,Social-Manager-Agent,pr
20460605_18_011,2046-06-05T14:10:00Z,19,comms_huddle,action,Judge-Agent,ALL
20460605_18_012,2046-06-05T14:11:00Z,19,one_on_one_chat,one_on_one_chat,Legal-Agent,platform_trust
20460605_18_013,2046-06-05T14:12:00Z,19,one_on_one_chat,one_on_one_chat,Platform-Trust-Agent,pr
20460605_18_014,2046-06-05T14:13:00Z,19,comms_huddle,action,PR-Intern-Agent,ALL
20460605_18_015,2046-06-05T14:14:00Z,19,one_on_one_chat,one_on_one_chat,Social-Manager-Agent,platform_trust
20460605_18_017,2046-06-05T14:16:00Z,19,comms_huddle,broadcast,PR-Intern-Agent,ALL
20460605_18_020,2046-06-05T14:19:00Z,19,comms_huddle,broadcast,Legal-Agent,ALL
20460605_18_021,2046-06-05T14:20:00Z,19,one_on_one_chat,one_on_one_chat,PR-Intern-Agent,platform_trust
20460605_18_022,2046-06-05T14:21:00Z,19,comms_huddle,broadcast,Platform-Trust-Agent,ALL
20460605_18_023,2046-06-05T14:22:00Z,19,comms_huddle,broadcast,Social-Manager-Agent,ALL
20460605_18_024,2046-06-05T14:23:00Z,19,side_huddle,side_huddle,Legal-Agent,platform_trust
20460605_18_024,2046-06-05T14:23:00Z,19,side_huddle,side_huddle,Legal-Agent,pr_intern
20460605_18_024,2046-06-05T14:23:00Z,19,side_huddle,side_huddle,Legal-Agent,pr
20460605_18_025,2046-06-05T14:24:00Z,19,side_huddle,side_huddle,Platform-Trust-Agent,legal
20460605_18_025,2046-06-05T14:24:00Z,19,side_huddle,side_huddle,Platform-Trust-Agent,social_manager
20460605_18_025,2046-06-05T14:24:00Z,19,side_huddle,side_huddle,Platform-Trust-Agent,pr
20460605_18_025,2046-06-05T14:24:00Z,19,side_huddle,side_huddle,Platform-Trust-Agent,pr_intern
20460605_18_026,2046-06-05T14:25:00Z,19,side_huddle,side_huddle,Social-Manager-Agent,legal
20460605_18_026,2046-06-05T14:25:00Z,19,side_huddle,side_huddle,Social-Manager-Agent,platform_trust
20460605_18_026,2046-06-05T14:25:00Z,19,side_huddle,side_huddle,Social-Manager-Agent,pr
20460605_18_027,2046-06-05T14:26:00Z,19,comms_huddle,action,PR-Intern-Agent,ALL
20460605_18_028,2046-06-05T14:27:00Z,19,one_on_one_chat,one_on_one_chat,Legal-Agent,platform_trust
20460605_18_029,2046-06-05T14:28:00Z,19,one_on_one_chat,one_on_one_chat,Platform-Trust-Agent,pr_intern
20460605_18_030,2046-06-05T14:29:00Z,19,one_on_one_chat,one_on_one_chat,Social-Manager-Agent,pr
20460605_18_031,2046-06-05T14:30:00Z,19,comms_huddle,action,Legal-Agent,ALL
20460605_18_032,2046-06-05T14:31:00Z,19,comms_huddle,action,Platform-Trust-Agent,ALL
20460605_18_033,2046-06-05T14:32:00Z,19,comms_huddle,action,Social-Manager-Agent,ALL
20460605_18_034,2046-06-05T14:33:00Z,19,comms_huddle,broadcast,Platform-Trust-Agent,ALL
20460605_18_035,2046-06-05T14:34:00Z,19,comms_huddle,broadcast,Social-Manager-Agent,ALL
20460605_18_036,2046-06-05T14:35:00Z,19,side_huddle,side_huddle,Platform-Trust-Agent,social_manager
20460605_18_036,2046-06-05T14:35:00Z,19,side_huddle,side_huddle,Platform-Trust-Agent,legal
20460605_18_036,2046-06-05T14:35:00Z,19,side_huddle,side_huddle,Platform-Trust-Agent,pr
20460605_18_037,2046-06-05T14:36:00Z,19,side_huddle,side_huddle,Social-Manager-Agent,legal
20460605_18_037,2046-06-05T14:36:00Z,19,side_huddle,side_huddle,Social-Manager-Agent,platform_trust
20460605_18_037,2046-06-05T14:36:00Z,19,side_huddle,side_huddle,Social-Manager-Agent,pr
20460605_18_038,2046-06-05T14:37:00Z,19,one_on_one_chat,one_on_one_chat,Platform-Trust-Agent,pr_intern
20460605_18_039,2046-06-05T14:38:00Z,19,one_on_one_chat,one_on_one_chat,Social-Manager-Agent,pr_intern
20460605_18_040,2046-06-05T14:39:00Z,19,comms_huddle,action,Platform-Trust-Agent,ALL
20460605_18_041,2046-06-05T14:40:00Z,19,comms_huddle,action,Social-Manager-Agent,ALL
20460605_18_042,2046-06-05T14:41:00Z,19,comms_huddle,broadcast,Social-Manager-Agent,ALL
20460605_18_043,2046-06-05T14:42:00Z,19,side_huddle,side_huddle,Social-Manager-Agent,legal
20460605_18_043,2046-06-05T14:42:00Z,19,side_huddle,side_huddle,Social-Manager-Agent,platform_trust
20460605_18_043,2046-06-05T14:42:00Z,19,side_huddle,side_huddle,Social-Manager-Agent,pr
20460605_18_044,2046-06-05T14:43:00Z,19,one_on_one_chat,one_on_one_chat,Social-Manager-Agent,pr_intern
20460605_18_045,2046-06-05T14:44:00Z,19,comms_huddle,action,Social-Manager-Agent,ALL
20460605_19_001,2046-06-05T15:00:00Z,20,comms_huddle,broadcast,Judge-Agent,ALL
20460605_19_002,2046-06-05T15:01:00Z,20,comms_huddle,broadcast,PR-Intern-Agent,ALL
20460605_19_003,2046-06-05T15:02:00Z,20,comms_huddle,broadcast,Legal-Agent,ALL
20460605_19_004,2046-06-05T15:03:00Z,20,comms_huddle,broadcast,Social-Manager-Agent,ALL
20460605_19_005,2046-06-05T15:04:00Z,20,one_on_one_chat,one_on_one_chat,Judge-Agent,legal
20460605_19_006,2046-06-05T15:05:00Z,20,side_huddle,side_huddle,Legal-Agent,platform_trust
20460605_19_006,2046-06-05T15:05:00Z,20,side_huddle,side_huddle,Legal-Agent,pr
20460605_19_006,2046-06-05T15:05:00Z,20,side_huddle,side_huddle,Legal-Agent,social_manager
20460605_19_007,2046-06-05T15:06:00Z,20,one_on_one_chat,one_on_one_chat,PR-Intern-Agent,pr
20460605_19_008,2046-06-05T15:07:00Z,20,side_huddle,side_huddle,Social-Manager-Agent,legal
20460605_19_008,2046-06-05T15:07:00Z,20,side_huddle,side_huddle,Social-Manager-Agent,pr
20460605_19_008,2046-06-05T15:07:00Z,20,side_huddle,side_huddle,Social-Manager-Agent,platform_trust
20460605_19_009,2046-06-05T15:08:00Z,20,comms_huddle,action,Judge-Agent,ALL
20460605_19_010,2046-06-05T15:09:00Z,20,one_on_one_chat,one_on_one_chat,Legal-Agent,platform_trust
20460605_19_011,2046-06-05T15:10:00Z,20,comms_huddle,action,PR-Intern-Agent,ALL
20460605_19_012,2046-06-05T15:11:00Z,20,one_on_one_chat,one_on_one_chat,Social-Manager-Agent,pr
20460605_19_013,2046-06-05T15:12:00Z,20,comms_huddle,action,Legal-Agent,ALL
20460605_19_014,2046-06-05T15:13:00Z,20,comms_huddle,broadcast,PR-Intern-Agent,ALL
20460605_19_016,2046-06-05T15:15:00Z,20,comms_huddle,broadcast,Legal-Agent,ALL
20460605_19_017,2046-06-05T15:16:00Z,20,one_on_one_chat,one_on_one_chat,PR-Intern-Agent,pr
20460605_19_018,2046-06-05T15:17:00Z,20,comms_huddle,broadcast,Social-Manager-Agent,ALL
20460605_19_019,2046-06-05T15:18:00Z,20,side_huddle,side_huddle,Legal-Agent,social_manager
20460605_19_019,2046-06-05T15:18:00Z,20,side_huddle,side_huddle,Legal-Agent,pr
20460605_19_019,2046-06-05T15:18:00Z,20,side_huddle,side_huddle,Legal-Agent,pr_intern
20460605_19_019,2046-06-05T15:18:00Z,20,side_huddle,side_huddle,Legal-Agent,platform_trust
20460605_19_020,2046-06-05T15:19:00Z,20,side_huddle,side_huddle,Social-Manager-Agent,legal
20460605_19_020,2046-06-05T15:19:00Z,20,side_huddle,side_huddle,Social-Manager-Agent,pr
20460605_19_020,2046-06-05T15:19:00Z,20,side_huddle,side_huddle,Social-Manager-Agent,platform_trust
20460605_19_022,2046-06-05T15:21:00Z,20,one_on_one_chat,one_on_one_chat,Legal-Agent,pr
20460605_19_023,2046-06-05T15:22:00Z,20,comms_huddle,broadcast,PR-Intern-Agent,ALL
20460605_19_024,2046-06-05T15:23:00Z,20,one_on_one_chat,one_on_one_chat,Social-Manager-Agent,pr
20460605_19_026,2046-06-05T15:25:00Z,20,one_on_one_chat,one_on_one_chat,PR-Intern-Agent,pr
20460605_19_028,2046-06-05T15:27:00Z,20,comms_huddle,broadcast,Legal-Agent,ALL
20460605_19_029,2046-06-05T15:28:00Z,20,comms_huddle,action,PR-Intern-Agent,ALL
20460605_19_030,2046-06-05T15:29:00Z,20,comms_huddle,broadcast,Social-Manager-Agent,ALL
20460605_19_031,2046-06-05T15:30:00Z,20,side_huddle,side_huddle,Legal-Agent,pr
20460605_19_031,2046-06-05T15:30:00Z,20,side_huddle,side_huddle,Legal-Agent,social_manager
20460605_19_031,2046-06-05T15:30:00Z,20,side_huddle,side_huddle,Legal-Agent,platform_trust
20460605_19_032,2046-06-05T15:31:00Z,20,side_huddle,side_huddle,Social-Manager-Agent,legal
20460605_19_032,2046-06-05T15:31:00Z,20,side_huddle,side_huddle,Social-Manager-Agent,pr
20460605_19_033,2046-06-05T15:32:00Z,20,one_on_one_chat,one_on_one_chat,Legal-Agent,platform_trust
20460605_19_034,2046-06-05T15:33:00Z,20,one_on_one_chat,one_on_one_chat,Social-Manager-Agent,pr
20460605_19_035,2046-06-05T15:34:00Z,20,comms_huddle,action,Legal-Agent,ALL
20460605_19_036,2046-06-05T15:35:00Z,20,comms_huddle,action,Social-Manager-Agent,ALL
20460605_19_037,2046-06-05T15:36:00Z,20,comms_huddle,broadcast,Legal-Agent,ALL
20460605_19_038,2046-06-05T15:37:00Z,20,comms_huddle,broadcast,Social-Manager-Agent,ALL
20460605_19_039,2046-06-05T15:38:00Z,20,side_huddle,side_huddle,Legal-Agent,platform_trust
20460605_19_039,2046-06-05T15:38:00Z,20,side_huddle,side_huddle,Legal-Agent,pr
20460605_19_039,2046-06-05T15:38:00Z,20,side_huddle,side_huddle,Legal-Agent,social_manager
20460605_19_040,2046-06-05T15:39:00Z,20,side_huddle,side_huddle,Social-Manager-Agent,legal
20460605_19_040,2046-06-05T15:39:00Z,20,side_huddle,side_huddle,Social-Manager-Agent,pr
20460605_19_041,2046-06-05T15:40:00Z,20,one_on_one_chat,one_on_one_chat,Legal-Agent,judge
20460605_19_042,2046-06-05T15:41:00Z,20,one_on_one_chat,one_on_one_chat,Social-Manager-Agent,pr_intern
20460605_19_043,2046-06-05T15:42:00Z,20,comms_huddle,action,Legal-Agent,ALL
20460605_19_044,2046-06-05T15:43:00Z,20,comms_huddle,action,Social-Manager-Agent,ALL
20460605_19_045,2046-06-05T15:44:00Z,20,comms_huddle,broadcast,Legal-Agent,ALL
20460605_19_046,2046-06-05T15:45:00Z,20,comms_huddle,broadcast,Social-Manager-Agent,ALL
20460605_19_047,2046-06-05T15:46:00Z,20,side_huddle,side_huddle,Legal-Agent,social_manager
20460605_19_047,2046-06-05T15:46:00Z,20,side_huddle,side_huddle,Legal-Agent,pr
20460605_19_048,2046-06-05T15:47:00Z,20,side_huddle,side_huddle,Social-Manager-Agent,pr
20460605_19_048,2046-06-05T15:47:00Z,20,side_huddle,side_huddle,Social-Manager-Agent,legal
20460605_19_048,2046-06-05T15:47:00Z,20,side_huddle,side_huddle,Social-Manager-Agent,platform_trust
20460605_19_049,2046-06-05T15:48:00Z,20,one_on_one_chat,one_on_one_chat,Legal-Agent,platform_trust
20460605_19_050,2046-06-05T15:49:00Z,20,one_on_one_chat,one_on_one_chat,Social-Manager-Agent,pr
20460605_19_051,2046-06-05T15:50:00Z,20,comms_huddle,action,Legal-Agent,ALL
20460605_19_052,2046-06-05T15:51:00Z,20,comms_huddle,action,Social-Manager-Agent,ALL
20460605_20_001,2046-06-05T16:00:00Z,21,comms_huddle,broadcast,Intern-Agent,ALL
20460605_20_002,2046-06-05T16:01:00Z,21,comms_huddle,broadcast,Legal-Agent,ALL
20460605_20_003,2046-06-05T16:02:00Z,21,comms_huddle,broadcast,PR-Intern-Agent,ALL
20460605_20_004,2046-06-05T16:03:00Z,21,comms_huddle,broadcast,Social-Manager-Agent,ALL
20460605_20_005,2046-06-05T16:04:00Z,21,one_on_one_chat,one_on_one_chat,Intern-Agent,pr
20460605_20_006,2046-06-05T16:05:00Z,21,one_on_one_chat,one_on_one_chat,PR-Intern-Agent,social_manager
20460605_20_007,2046-06-05T16:06:00Z,21,side_huddle,side_huddle,Social-Manager-Agent,legal
20460605_20_007,2046-06-05T16:06:00Z,21,side_huddle,side_huddle,Social-Manager-Agent,pr
20460605_20_007,2046-06-05T16:06:00Z,21,side_huddle,side_huddle,Social-Manager-Agent,platform_trust
20460605_20_007,2046-06-05T16:06:00Z,21,side_huddle,side_huddle,Social-Manager-Agent,pr_intern
20460605_20_008,2046-06-05T16:07:00Z,21,side_huddle,side_huddle,Legal-Agent,pr
20460605_20_008,2046-06-05T16:07:00Z,21,side_huddle,side_huddle,Legal-Agent,platform_trust
20460605_20_008,2046-06-05T16:07:00Z,21,side_huddle,side_huddle,Legal-Agent,social_manager
20460605_20_009,2046-06-05T16:08:00Z,21,comms_huddle,action,Intern-Agent,ALL
20460605_20_010,2046-06-05T16:09:00Z,21,one_on_one_chat,one_on_one_chat,Legal-Agent,pr
20460605_20_011,2046-06-05T16:10:00Z,21,comms_huddle,action,PR-Intern-Agent,ALL
20460605_20_012,2046-06-05T16:11:00Z,21,one_on_one_chat,one_on_one_chat,Social-Manager-Agent,pr_intern
20460605_20_013,2046-06-05T16:12:00Z,21,comms_huddle,broadcast,Intern-Agent,ALL
20460605_20_014,2046-06-05T16:13:00Z,21,comms_huddle,action,Legal-Agent,ALL
20460605_20_015,2046-06-05T16:14:00Z,21,comms_huddle,broadcast,PR-Intern-Agent,ALL
20460605_20_016,2046-06-05T16:15:00Z,21,comms_huddle,action,Social-Manager-Agent,ALL
20460605_20_017,2046-06-05T16:16:00Z,21,one_on_one_chat,one_on_one_chat,Intern-Agent,pr
20460605_20_018,2046-06-05T16:17:00Z,21,one_on_one_chat,one_on_one_chat,PR-Intern-Agent,social_manager
20460605_20_019,2046-06-05T16:18:00Z,21,comms_huddle,broadcast,Social-Manager-Agent,ALL
20460605_20_020,2046-06-05T16:19:00Z,21,comms_huddle,action,Intern-Agent,ALL
20460605_20_021,2046-06-05T16:20:00Z,21,comms_huddle,action,PR-Intern-Agent,ALL
20460605_20_022,2046-06-05T16:21:00Z,21,side_huddle,side_huddle,Social-Manager-Agent,legal
20460605_20_022,2046-06-05T16:21:00Z,21,side_huddle,side_huddle,Social-Manager-Agent,pr
20460605_20_022,2046-06-05T16:21:00Z,21,side_huddle,side_huddle,Social-Manager-Agent,platform_trust
20460605_20_022,2046-06-05T16:21:00Z,21,side_huddle,side_huddle,Social-Manager-Agent,pr_intern
20460605_20_023,2046-06-05T16:22:00Z,21,comms_huddle,broadcast,Intern-Agent,ALL
20460605_20_024,2046-06-05T16:23:00Z,21,comms_huddle,broadcast,PR-Intern-Agent,ALL
20460605_20_025,2046-06-05T16:24:00Z,21,one_on_one_chat,one_on_one_chat,Social-Manager-Agent,pr_intern
20460605_20_026,2046-06-05T16:25:00Z,21,one_on_one_chat,one_on_one_chat,Intern-Agent,pr
20460605_20_027,2046-06-05T16:26:00Z,21,one_on_one_chat,one_on_one_chat,PR-Intern-Agent,intern
20460605_20_028,2046-06-05T16:27:00Z,21,comms_huddle,action,Social-Manager-Agent,ALL
20460605_20_029,2046-06-05T16:28:00Z,21,comms_huddle,action,Intern-Agent,ALL
20460605_20_030,2046-06-05T16:29:00Z,21,comms_huddle,action,PR-Intern-Agent,ALL
20460605_20_031,2046-06-05T16:30:00Z,21,comms_huddle,broadcast,Intern-Agent,ALL
20460605_20_032,2046-06-05T16:31:00Z,21,comms_huddle,broadcast,PR-Intern-Agent,ALL
20460605_20_033,2046-06-05T16:32:00Z,21,one_on_one_chat,one_on_one_chat,Intern-Agent,pr
20460605_20_034,2046-06-05T16:33:00Z,21,one_on_one_chat,one_on_one_chat,PR-Intern-Agent,intern
20460605_20_035,2046-06-05T16:34:00Z,21,comms_huddle,action,Intern-Agent,ALL
20460605_20_036,2046-06-05T16:35:00Z,21,comms_huddle,action,PR-Intern-Agent,ALL
20460605_20_037,2046-06-05T16:36:00Z,21,comms_huddle,broadcast,Intern-Agent,ALL
20460605_20_038,2046-06-05T16:37:00Z,21,comms_huddle,broadcast,PR-Intern-Agent,ALL
20460605_20_039,2046-06-05T16:38:00Z,21,one_on_one_chat,one_on_one_chat,Intern-Agent,pr
20460605_20_040,2046-06-05T16:39:00Z,21,one_on_one_chat,one_on_one_chat,PR-Intern-Agent,intern
20460605_20_042,2046-06-05T16:41:00Z,21,comms_huddle,action,PR-Intern-Agent,ALL
20460605_20_043,2046-06-05T16:42:00Z,21,comms_huddle,broadcast,PR-Intern-Agent,ALL
20460605_20_044,2046-06-05T16:43:00Z,21,one_on_one_chat,one_on_one_chat,PR-Intern-Agent,social_manager
20460605_20_045,2046-06-05T16:44:00Z,21,comms_huddle,action,PR-Intern-Agent,ALL
20460605_21_001,2046-06-05T17:00:00Z,22,comms_huddle,broadcast,Intern-Agent,ALL
20460605_21_002,2046-06-05T17:01:00Z,22,comms_huddle,broadcast,Legal-Agent,ALL
20460605_21_003,2046-06-05T17:02:00Z,22,comms_huddle,broadcast,Social-Manager-Agent,ALL
20460605_21_004,2046-06-05T17:03:00Z,22,one_on_one_chat,one_on_one_chat,Intern-Agent,pr
20460605_21_005,2046-06-05T17:04:00Z,22,side_huddle,side_huddle,Legal-Agent,platform_trust
20460605_21_005,2046-06-05T17:04:00Z,22,side_huddle,side_huddle,Legal-Agent,pr
20460605_21_005,2046-06-05T17:04:00Z,22,side_huddle,side_huddle,Legal-Agent,social_manager
20460605_21_005,2046-06-05T17:04:00Z,22,side_huddle,side_huddle,Legal-Agent,pr_intern
20460605_21_006,2046-06-05T17:05:00Z,22,side_huddle,side_huddle,Social-Manager-Agent,legal
20460605_21_006,2046-06-05T17:05:00Z,22,side_huddle,side_huddle,Social-Manager-Agent,platform_trust
20460605_21_006,2046-06-05T17:05:00Z,22,side_huddle,side_huddle,Social-Manager-Agent,pr
20460605_21_007,2046-06-05T17:06:00Z,22,comms_huddle,action,Intern-Agent,ALL
20460605_21_008,2046-06-05T17:07:00Z,22,one_on_one_chat,one_on_one_chat,Legal-Agent,pr
20460605_21_009,2046-06-05T17:08:00Z,22,one_on_one_chat,one_on_one_chat,Social-Manager-Agent,pr
20460605_21_010,2046-06-05T17:09:00Z,22,comms_huddle,action,Legal-Agent,ALL
20460605_21_011,2046-06-05T17:10:00Z,22,comms_huddle,action,Social-Manager-Agent,ALL
20460605_21_012,2046-06-05T17:11:00Z,22,comms_huddle,broadcast,Legal-Agent,ALL
20460605_21_013,2046-06-05T17:12:00Z,22,comms_huddle,broadcast,Social-Manager-Agent,ALL
20460605_21_014,2046-06-05T17:13:00Z,22,side_huddle,side_huddle,Legal-Agent,platform_trust
20460605_21_014,2046-06-05T17:13:00Z,22,side_huddle,side_huddle,Legal-Agent,pr
20460605_21_014,2046-06-05T17:13:00Z,22,side_huddle,side_huddle,Legal-Agent,social_manager
20460605_21_014,2046-06-05T17:13:00Z,22,side_huddle,side_huddle,Legal-Agent,pr_intern
20460605_21_015,2046-06-05T17:14:00Z,22,side_huddle,side_huddle,Social-Manager-Agent,legal
20460605_21_015,2046-06-05T17:14:00Z,22,side_huddle,side_huddle,Social-Manager-Agent,platform_trust
20460605_21_015,2046-06-05T17:14:00Z,22,side_huddle,side_huddle,Social-Manager-Agent,pr
20460605_21_016,2046-06-05T17:15:00Z,22,one_on_one_chat,one_on_one_chat,Legal-Agent,pr
20460605_21_017,2046-06-05T17:16:00Z,22,one_on_one_chat,one_on_one_chat,Social-Manager-Agent,pr
20460605_21_018,2046-06-05T17:17:00Z,22,comms_huddle,action,Legal-Agent,ALL
20460605_21_019,2046-06-05T17:18:00Z,22,comms_huddle,action,Social-Manager-Agent,ALL
20460605_21_020,2046-06-05T17:19:00Z,22,comms_huddle,broadcast,Legal-Agent,ALL
20460605_21_021,2046-06-05T17:20:00Z,22,comms_huddle,broadcast,Social-Manager-Agent,ALL
20460605_21_022,2046-06-05T17:21:00Z,22,side_huddle,side_huddle,Legal-Agent,platform_trust
20460605_21_022,2046-06-05T17:21:00Z,22,side_huddle,side_huddle,Legal-Agent,pr
20460605_21_022,2046-06-05T17:21:00Z,22,side_huddle,side_huddle,Legal-Agent,social_manager
20460605_21_022,2046-06-05T17:21:00Z,22,side_huddle,side_huddle,Legal-Agent,pr_intern
20460605_21_023,2046-06-05T17:22:00Z,22,side_huddle,side_huddle,Social-Manager-Agent,legal
20460605_21_023,2046-06-05T17:22:00Z,22,side_huddle,side_huddle,Social-Manager-Agent,platform_trust
20460605_21_023,2046-06-05T17:22:00Z,22,side_huddle,side_huddle,Social-Manager-Agent,pr
20460605_21_024,2046-06-05T17:23:00Z,22,one_on_one_chat,one_on_one_chat,Legal-Agent,pr
20460605_21_025,2046-06-05T17:24:00Z,22,one_on_one_chat,one_on_one_chat,Social-Manager-Agent,pr
20460605_21_028,2046-06-05T17:27:00Z,22,comms_huddle,broadcast,Legal-Agent,ALL
20460605_21_029,2046-06-05T17:28:00Z,22,comms_huddle,broadcast,Social-Manager-Agent,ALL
20460605_21_030,2046-06-05T17:29:00Z,22,side_huddle,side_huddle,Legal-Agent,social_manager
20460605_21_030,2046-06-05T17:29:00Z,22,side_huddle,side_huddle,Legal-Agent,platform_trust
20460605_21_030,2046-06-05T17:29:00Z,22,side_huddle,side_huddle,Legal-Agent,pr
20460605_21_031,2046-06-05T17:30:00Z,22,side_huddle,side_huddle,Social-Manager-Agent,legal
20460605_21_031,2046-06-05T17:30:00Z,22,side_huddle,side_huddle,Social-Manager-Agent,platform_trust
20460605_21_031,2046-06-05T17:30:00Z,22,side_huddle,side_huddle,Social-Manager-Agent,pr
20460605_21_032,2046-06-05T17:31:00Z,22,one_on_one_chat,one_on_one_chat,Legal-Agent,pr
20460605_21_033,2046-06-05T17:32:00Z,22,one_on_one_chat,one_on_one_chat,Social-Manager-Agent,pr
20460605_21_034,2046-06-05T17:33:00Z,22,comms_huddle,action,Legal-Agent,ALL
20460605_21_035,2046-06-05T17:34:00Z,22,comms_huddle,action,Social-Manager-Agent,ALL
20460605_21_036,2046-06-05T17:35:00Z,22,comms_huddle,broadcast,Legal-Agent,ALL
20460605_21_037,2046-06-05T17:36:00Z,22,comms_huddle,broadcast,Social-Manager-Agent,ALL
20460605_21_038,2046-06-05T17:37:00Z,22,side_huddle,side_huddle,Legal-Agent,social_manager
20460605_21_038,2046-06-05T17:37:00Z,22,side_huddle,side_huddle,Legal-Agent,platform_trust
20460605_21_038,2046-06-05T17:37:00Z,22,side_huddle,side_huddle,Legal-Agent,pr
20460605_21_039,2046-06-05T17:38:00Z,22,side_huddle,side_huddle,Social-Manager-Agent,platform_trust
20460605_21_039,2046-06-05T17:38:00Z,22,side_huddle,side_huddle,Social-Manager-Agent,legal
20460605_21_040,2046-06-05T17:39:00Z,22,one_on_one_chat,one_on_one_chat,Legal-Agent,pr
20460605_21_041,2046-06-05T17:40:00Z,22,one_on_one_chat,one_on_one_chat,Social-Manager-Agent,pr
20460605_21_044,2046-06-05T17:43:00Z,22,comms_huddle,broadcast,Legal-Agent,ALL
20460605_21_045,2046-06-05T17:44:00Z,22,comms_huddle,broadcast,Social-Manager-Agent,ALL
20460605_21_046,2046-06-05T17:45:00Z,22,side_huddle,side_huddle,Legal-Agent,platform_trust
20460605_21_046,2046-06-05T17:45:00Z,22,side_huddle,side_huddle,Legal-Agent,social_manager
20460605_21_047,2046-06-05T17:46:00Z,22,side_huddle,side_huddle,Social-Manager-Agent,platform_trust
20460605_21_047,2046-06-05T17:46:00Z,22,side_huddle,side_huddle,Social-Manager-Agent,legal
20460605_21_048,2046-06-05T17:47:00Z,22,one_on_one_chat,one_on_one_chat,Legal-Agent,pr
20460605_21_049,2046-06-05T17:48:00Z,22,one_on_one_chat,one_on_one_chat,Social-Manager-Agent,platform_trust
20460605_21_052,2046-06-05T17:51:00Z,22,comms_huddle,broadcast,Legal-Agent,ALL
20460605_21_053,2046-06-05T17:52:00Z,22,side_huddle,side_huddle,Legal-Agent,social_manager
20460605_21_053,2046-06-05T17:52:00Z,22,side_huddle,side_huddle,Legal-Agent,platform_trust
20460605_21_053,2046-06-05T17:52:00Z,22,side_huddle,side_huddle,Legal-Agent,pr
20460605_21_054,2046-06-05T17:53:00Z,22,one_on_one_chat,one_on_one_chat,Legal-Agent,platform_trust
20460605_22_001,2046-06-05T18:00:00Z,23,comms_huddle,broadcast,Legal-Agent,ALL
20460605_22_002,2046-06-05T18:01:00Z,23,comms_huddle,broadcast,Social-Manager-Agent,ALL
20460605_22_003,2046-06-05T18:02:00Z,23,side_huddle,side_huddle,Legal-Agent,platform_trust
20460605_22_003,2046-06-05T18:02:00Z,23,side_huddle,side_huddle,Legal-Agent,pr
20460605_22_003,2046-06-05T18:02:00Z,23,side_huddle,side_huddle,Legal-Agent,social_manager
20460605_22_004,2046-06-05T18:03:00Z,23,side_huddle,side_huddle,Social-Manager-Agent,legal
20460605_22_004,2046-06-05T18:03:00Z,23,side_huddle,side_huddle,Social-Manager-Agent,pr
20460605_22_004,2046-06-05T18:03:00Z,23,side_huddle,side_huddle,Social-Manager-Agent,platform_trust
20460605_22_005,2046-06-05T18:04:00Z,23,one_on_one_chat,one_on_one_chat,Legal-Agent,pr
20460605_22_006,2046-06-05T18:05:00Z,23,one_on_one_chat,one_on_one_chat,Social-Manager-Agent,pr
20460605_22_009,2046-06-05T18:08:00Z,23,comms_huddle,broadcast,Legal-Agent,ALL
20460605_22_010,2046-06-05T18:09:00Z,23,comms_huddle,broadcast,Social-Manager-Agent,ALL
20460605_22_011,2046-06-05T18:10:00Z,23,side_huddle,side_huddle,Legal-Agent,platform_trust
20460605_22_011,2046-06-05T18:10:00Z,23,side_huddle,side_huddle,Legal-Agent,pr
20460605_22_011,2046-06-05T18:10:00Z,23,side_huddle,side_huddle,Legal-Agent,social_manager
20460605_22_012,2046-06-05T18:11:00Z,23,side_huddle,side_huddle,Social-Manager-Agent,legal
20460605_22_012,2046-06-05T18:11:00Z,23,side_huddle,side_huddle,Social-Manager-Agent,platform_trust
20460605_22_012,2046-06-05T18:11:00Z,23,side_huddle,side_huddle,Social-Manager-Agent,pr
20460605_22_013,2046-06-05T18:12:00Z,23,one_on_one_chat,one_on_one_chat,Legal-Agent,pr
20460605_22_014,2046-06-05T18:13:00Z,23,one_on_one_chat,one_on_one_chat,Social-Manager-Agent,pr
20460605_22_017,2046-06-05T18:16:00Z,23,comms_huddle,broadcast,Legal-Agent,ALL
20460605_22_018,2046-06-05T18:17:00Z,23,comms_huddle,broadcast,Social-Manager-Agent,ALL
20460605_22_019,2046-06-05T18:18:00Z,23,side_huddle,side_huddle,Legal-Agent,platform_trust
20460605_22_019,2046-06-05T18:18:00Z,23,side_huddle,side_huddle,Legal-Agent,pr
20460605_22_019,2046-06-05T18:18:00Z,23,side_huddle,side_huddle,Legal-Agent,social_manager
20460605_22_020,2046-06-05T18:19:00Z,23,side_huddle,side_huddle,Social-Manager-Agent,legal
20460605_22_020,2046-06-05T18:19:00Z,23,side_huddle,side_huddle,Social-Manager-Agent,platform_trust
20460605_22_020,2046-06-05T18:19:00Z,23,side_huddle,side_huddle,Social-Manager-Agent,pr
20460605_22_021,2046-06-05T18:20:00Z,23,one_on_one_chat,one_on_one_chat,Legal-Agent,pr
20460605_22_022,2046-06-05T18:21:00Z,23,one_on_one_chat,one_on_one_chat,Social-Manager-Agent,pr
20460605_22_025,2046-06-05T18:24:00Z,23,comms_huddle,broadcast,Legal-Agent,ALL
20460605_22_026,2046-06-05T18:25:00Z,23,comms_huddle,broadcast,Social-Manager-Agent,ALL
20460605_22_027,2046-06-05T18:26:00Z,23,side_huddle,side_huddle,Legal-Agent,platform_trust
20460605_22_027,2046-06-05T18:26:00Z,23,side_huddle,side_huddle,Legal-Agent,pr
20460605_22_027,2046-06-05T18:26:00Z,23,side_huddle,side_huddle,Legal-Agent,social_manager
20460605_22_028,2046-06-05T18:27:00Z,23,side_huddle,side_huddle,Social-Manager-Agent,legal
20460605_22_028,2046-06-05T18:27:00Z,23,side_huddle,side_huddle,Social-Manager-Agent,platform_trust
20460605_22_028,2046-06-05T18:27:00Z,23,side_huddle,side_huddle,Social-Manager-Agent,pr
20460605_22_029,2046-06-05T18:28:00Z,23,one_on_one_chat,one_on_one_chat,Legal-Agent,pr
20460605_22_030,2046-06-05T18:29:00Z,23,one_on_one_chat,one_on_one_chat,Social-Manager-Agent,pr
20460605_22_033,2046-06-05T18:32:00Z,23,comms_huddle,broadcast,Legal-Agent,ALL
20460605_22_034,2046-06-05T18:33:00Z,23,comms_huddle,broadcast,Social-Manager-Agent,ALL
20460605_22_035,2046-06-05T18:34:00Z,23,side_huddle,side_huddle,Legal-Agent,platform_trust
20460605_22_035,2046-06-05T18:34:00Z,23,side_huddle,side_huddle,Legal-Agent,pr
20460605_22_035,2046-06-05T18:34:00Z,23,side_huddle,side_huddle,Legal-Agent,social_manager
20460605_22_036,2046-06-05T18:35:00Z,23,side_huddle,side_huddle,Social-Manager-Agent,legal
20460605_22_036,2046-06-05T18:35:00Z,23,side_huddle,side_huddle,Social-Manager-Agent,platform_trust
20460605_22_036,2046-06-05T18:35:00Z,23,side_huddle,side_huddle,Social-Manager-Agent,pr
20460605_22_037,2046-06-05T18:36:00Z,23,one_on_one_chat,one_on_one_chat,Legal-Agent,platform_trust
20460605_22_038,2046-06-05T18:37:00Z,23,one_on_one_chat,one_on_one_chat,Social-Manager-Agent,pr
20460605_22_041,2046-06-05T18:40:00Z,23,comms_huddle,broadcast,Legal-Agent,ALL
20460605_22_042,2046-06-05T18:41:00Z,23,comms_huddle,broadcast,Social-Manager-Agent,ALL
20460605_22_043,2046-06-05T18:42:00Z,23,side_huddle,side_huddle,Legal-Agent,platform_trust
20460605_22_043,2046-06-05T18:42:00Z,23,side_huddle,side_huddle,Legal-Agent,pr
20460605_22_043,2046-06-05T18:42:00Z,23,side_huddle,side_huddle,Legal-Agent,social_manager
20460605_22_044,2046-06-05T18:43:00Z,23,side_huddle,side_huddle,Social-Manager-Agent,legal
20460605_22_044,2046-06-05T18:43:00Z,23,side_huddle,side_huddle,Social-Manager-Agent,platform_trust
20460605_22_044,2046-06-05T18:43:00Z,23,side_huddle,side_huddle,Social-Manager-Agent,pr
20460605_22_045,2046-06-05T18:44:00Z,23,one_on_one_chat,one_on_one_chat,Legal-Agent,platform_trust
20460605_22_046,2046-06-05T18:45:00Z,23,one_on_one_chat,one_on_one_chat,Social-Manager-Agent,platform_trust
20460605_22_049,2046-06-05T18:48:00Z,23,comms_huddle,broadcast,Legal-Agent,ALL
20460605_22_050,2046-06-05T18:49:00Z,23,comms_huddle,broadcast,Social-Manager-Agent,ALL
20460605_22_051,2046-06-05T18:50:00Z,23,side_huddle,side_huddle,Legal-Agent,platform_trust
20460605_22_051,2046-06-05T18:50:00Z,23,side_huddle,side_huddle,Legal-Agent,pr
20460605_22_051,2046-06-05T18:50:00Z,23,side_huddle,side_huddle,Legal-Agent,social_manager
20460605_22_052,2046-06-05T18:51:00Z,23,side_huddle,side_huddle,Social-Manager-Agent,legal
20460605_22_052,2046-06-05T18:51:00Z,23,side_huddle,side_huddle,Social-Manager-Agent,platform_trust
20460605_22_052,2046-06-05T18:51:00Z,23,side_huddle,side_huddle,Social-Manager-Agent,pr
20460605_22_053,2046-06-05T18:52:00Z,23,one_on_one_chat,one_on_one_chat,Legal-Agent,pr
20460605_22_054,2046-06-05T18:53:00Z,23,one_on_one_chat,one_on_one_chat,Social-Manager-Agent,pr
